step,mag_x,mag_y,mag_z,pred_x,pred_y,pred_z,meas_x,meas_y,meas_z,meas_ref_err_xy,meas_ref_idx,meas_ref_x,meas_ref_y,meas_ref_z,raw_model_err_xy,nom_corr_resid_xy,pred0_current_resid_xy,nom_ref_err_xy,pred_ref_err_xy,one_step_pred_err_xy,pred_meas_err_xy,pred_meas_err_x,pred_meas_err_y,pred_meas_err_z,model_bias_x,model_bias_y,model_bias_z,i_ref,N_nodes_active,using_upgraded_nodes,left_wall_tan_x,left_wall_tan_y,right_wall_tan_x,right_wall_tan_y,dist_left_center_mm,dist_right_center_mm,dist_left_edge_mm,dist_right_edge_mm,closest_distance_mm,beam_left_wall_angle_deg,beam_right_wall_angle_deg,err_to_center,jac_prev_step,jac_dx_pred_x,jac_dx_pred_y,jac_dx_pred_z,jac_dx_real_x,jac_dx_real_y,jac_dx_real_z,jac_dx_pred_x_mm,jac_dx_pred_y_mm,jac_dx_pred_z_mm,jac_dx_real_x_mm,jac_dx_real_y_mm,jac_dx_real_z_mm,jac_pred_xy_mm,jac_real_xy_mm,jac_gain_real_over_pred,jac_cos_xy,jac_err_x_mm,jac_err_y_mm,jac_err_z_mm,jac_err_xy_mm,jac_err_xyz_mm,jac_interpretation
0,0.6728482560487953,-0.6812671362299367,-0.10000441513163705,0.8112458450389707,-0.6819397338531276,-0.10000975574747797,0.812472380787285,-0.6810149121553664,-0.10000996961040949,0.0016775805707219102,80,0.8112686519970235,-0.6821833784881116,-0.10001073653655117,0.001026951340180717,4.303890600173155e-12,0.0015361266596680436,0.0016775805735432582,0.00024470975765615474,nan,0.0015361266596680436,0.001226535748314328,0.0009248216977612023,-2.1386293151681723e-07,-0.00040787741496806085,0.0009424781533053928,-6.302512895073331e-06,75,8,False,-0.475837379693985,-10.0,-1.4669543504714966,-10.0,4.770467354668426,2.12859942775151,4.770467354668426,2.12859942775151,2.12859942775151,3.340118408203125,8.961380004882812,0.0013025123184299114,nan,nan,nan,nan,nan,nan,nan,nan,nan,nan,nan,nan,nan,nan,nan,nan,nan,nan,nan,nan,nan,nan,
1,0.6723051165769569,-0.6962742035278645,-0.09997706394474998,0.8108622650100075,-0.682147766192243,-0.10000987979802047,0.8117465925701755,-0.6827703575314216,-0.10001043257596877,nan,-1,nan,nan,nan,nan,nan,nan,nan,nan,nan,0.0010815059913346621,0.0008843275601679856,-0.0006225913391785243,-5.527779483038842e-07,nan,nan,nan,77,8,False,-0.8555535674095154,-10.0,-3.47392201423645,-10.0,2.9731312345305696,3.9498163615401154,2.9731312345305696,3.9498163615401154,2.9731312345305696,11.02154541015625,25.288330078125,0.0013025123184299114,0,-0.0012265357483143469,-0.0009248216977612069,2.1386293151941657e-07,-0.0007257882171095575,-0.0017554453760552091,-4.6296555927805016e-07,-1.2265357483143469,-0.9248216977612069,0.00021386293151941655,-0.7257882171095575,-1.7554453760552091,-0.00046296555927805016,1.5361266596680614,1.8995675835328114,1.2365956741527353,0.8614457264307499,0.5007475312047893,-0.8306236782940022,-0.0006768284907974668,0.9698885425399918,0.9698887786994731,direction_ok_jac_not_sensitive_enough
2,0.6700031150722258,-0.6907432443046575,-0.09999214964375125,0.810451560870406,-0.6819961006656754,-0.10000994789648762,0.8108197383680651,-0.6824458370715696,-0.10001102246052636,nan,-1,nan,nan,nan,nan,nan,nan,nan,nan,nan,0.00058122070211676,0.00036817749765905017,-0.0004497364058941855,-1.07456403873607e-06,nan,nan,nan,82,8,False,-1.5532913208007812,-10.0,-7.472065448760986,-10.0,3.1504375594655585,3.8061651232136455,3.1504375594655585,3.8061651232136455,3.1504375594655585,12.482620239257812,40.420806884765625,0.0013025123184299114,nan,nan,nan,nan,nan,nan,nan,nan,nan,nan,nan,nan,nan,nan,nan,nan,nan,nan,nan,nan,nan,nan,
3,0.6687424006075542,-0.6896421427634979,-0.10000746959591372,0.8100528804167172,-0.6818710786180366,-0.10001005150447158,0.8104710815598823,-0.6823559740668871,-0.10001124437549455,nan,-1,nan,nan,nan,nan,nan,nan,nan,nan,nan,0.0006403247554643758,0.00041820114316515333,-0.000484895448850442,-1.1928710229730521e-06,nan,nan,nan,83,8,False,-1.8810217380523682,-10.0,-9.037726402282715,-10.0,3.1597739504259152,3.812349782122851,3.1597739504259152,3.812349782122851,3.1597739504259152,14.7313232421875,46.18476867675781,0.0013025123184299114,nan,nan,nan,nan,nan,nan,nan,nan,nan,nan,nan,nan,nan,nan,nan,nan,nan,nan,nan,nan,nan,nan,
4,0.6677580438946742,-0.6898923761579305,-0.09998619855231736,0.809665741781162,-0.6817182716295781,-0.10001019560583511,0.8100157177509331,-0.6822042713186713,-0.10001153419002293,nan,-1,nan,nan,nan,nan,nan,nan,nan,nan,nan,0.00059889805243957,0.0003499759697710436,-0.00048599968909324165,-1.3385841878127414e-06,nan,nan,nan,86,8,False,-2.3091397285461426,-10.0,-10.960972785949707,-10.0,3.1762008292779456,3.814468636372794,3.1762008292779456,3.814468636372794,3.1762008292779456,16.631881713867188,51.25433349609375,0.0013025123184299114,nan,nan,nan,nan,nan,nan,nan,nan,nan,nan,nan,nan,nan,nan,nan,nan,nan,nan,nan,nan,nan,nan,
5,0.6668615017189373,-0.6900747855739013,-0.10000270130552275,0.8089652935642347,-0.6813176690620637,-0.10001207410574119,0.809692382841523,-0.6822866320604137,-0.1000117400742926,0.0012436502145835142,92,0.8089592369736269,-0.6812820610113483,-0.10001220628604028,0.0007546299782526929,9.670773721707762e-13,0.0012114240006368745,0.001243650213696215,3.611946242048611e-05,0.0015917233318379544,0.0012114240006368745,0.000727089277288262,-0.0009689629983500314,3.3403144858445977e-07,-0.0005597366307595886,0.0005061238072483487,-8.55461908177979e-06,87,8,False,-2.6278042793273926,-10.0,-12.1495361328125,-10.0,2.9905172834721725,4.010991580061386,2.9905172834721725,4.010991580061386,2.9905172834721725,17.696975708007812,53.51665496826172,0.0005090913813712736,nan,nan,nan,nan,nan,nan,nan,nan,nan,nan,nan,nan,nan,nan,nan,nan,nan,nan,nan,nan,nan,nan,
6,0.6635633650287069,-0.6750766790063311,-0.09999466342142255,0.8086455643435534,-0.6810058592757154,-0.10001199285186173,0.8091380370428835,-0.6803575160815695,-0.10001209197675523,nan,-1,nan,nan,nan,nan,nan,nan,nan,nan,nan,0.0008141733580637714,0.0004924726993300599,0.0006483431941459727,-9.912489350172304e-08,nan,nan,nan,94,8,False,-3.241582155227661,-10.0,-13.523776054382324,-10.0,4.205845916935914,2.6234448783612834,4.205845916935914,2.6234448783612834,2.6234448783612834,16.097305297851562,51.65611267089844,0.0005090913813712736,5,-0.0007270892772883034,0.0009689629983500245,-3.3403144858112357e-07,-0.000554345798639555,0.0019291159788442647,-3.51902462628062e-07,-0.7270892772883034,0.9689629983500245,-0.00033403144858112357,-0.554345798639555,1.9291159788442647,-0.000351902462628062,1.2114240006368937,2.0071840285089935,1.6568798585770605,0.9345064292798207,0.1727434786487484,0.9601529804942401,-1.787101404693845e-05,0.9755685805557923,0.9755685807194779,direction_ok_jac_not_sensitive_enough
7,0.663886122324026,-0.6681350071262745,-0.09998156392274565,0.8083506115910989,-0.6807109280785186,-0.10001193220341734,0.8083467666910179,-0.6796234098971468,-0.10001259533259206,nan,-1,nan,nan,nan,nan,nan,nan,nan,nan,nan,0.0010875249781366015,-3.844900080984814e-06,0.0010875181813718715,-6.631291747244417e-07,nan,nan,nan,100,8,False,-4.5609660148620605,-10.0,-14.732007026672363,-10.0,4.091422453328278,2.6365946735604666,4.091422453328278,2.6365946735604666,2.6365946735604666,19.715255737304688,51.02925109863281,0.0005090913813712736,nan,nan,nan,nan,nan,nan,nan,nan,nan,nan,nan,nan,nan,nan,nan,nan,nan,nan,nan,nan,nan,nan,
8,0.664092865153732,-0.6632777958117595,-0.09999411113461576,0.8080715187111543,-0.6803993595545558,-0.10001189141306424,0.8082432446044627,-0.6795365481641129,-0.10001266119153793,nan,-1,nan,nan,nan,nan,nan,nan,nan,nan,nan,0.0008797347770268661,0.00017172589330838317,0.0008628113904428636,-7.697784736859781e-07,nan,nan,nan,101,8,False,-4.7915120124816895,-10.0,-14.868059158325195,-10.0,4.0701534142490345,2.655083671121247,4.0701534142490345,2.655083671121247,2.655083671121247,20.424514770507812,50.898956298828125,0.0005090913813712736,nan,nan,nan,nan,nan,nan,nan,nan,nan,nan,nan,nan,nan,nan,nan,nan,nan,nan,nan,nan,nan,nan,
9,0.6641041617361343,-0.6584363730813904,-0.09999184627187271,0.8078034343095924,-0.6800781433615082,-0.10001185639547468,0.8080151175191249,-0.6794999469506768,-0.10001280640266047,nan,-1,nan,nan,nan,nan,nan,nan,nan,nan,nan,0.0006157279193736582,0.000211683209532465,0.0005781964108313442,-9.500071857931891e-07,nan,nan,nan,102,8,False,-5.333491802215576,-10.0,-15.196967124938965,-10.0,3.921608856724447,2.80177656485057,3.921608856724447,2.80177656485057,2.80177656485057,22.3994140625,50.980255126953125,0.0005090913813712736,nan,nan,nan,nan,nan,nan,nan,nan,nan,nan,nan,nan,nan,nan,nan,nan,nan,nan,nan,nan,nan,nan,
10,0.6640385988987142,-0.6536762898563742,-0.10000400257163222,0.806887442040379,-0.6789354141594234,-0.10001256282470722,0.8078971551258343,-0.6794062737402526,-0.10001288145104122,0.0011140048622164723,107,0.8068873690218761,-0.6789358071024398,-0.10001352405564788,0.0006821200453901032,4.402141978754895e-12,0.0011141046897838308,0.0011140048606784639,3.9966975861425e-07,0.002189600831163027,0.0011141046897838308,0.0010097130854552772,-0.0004708595808292637,-3.186263339977069e-07,-0.00022466294389322794,0.0006440608030024997,-1.0270884088156573e-05,102,8,False,-5.635671138763428,-10.0,-15.332043647766113,-10.0,3.8936173833925523,2.8306634414030896,3.8936173833925523,2.8306634414030896,2.8306634414030896,22.606185913085938,50.08845520019531,0.0004982101403411213,nan,nan,nan,nan,nan,nan,nan,nan,nan,nan,nan,nan,nan,nan,nan,nan,nan,nan,nan,nan,nan,nan,
11,0.6641413521779874,-0.649418526250136,-0.1000214054028476,0.8066290732415541,-0.6786073355560939,-0.10001235924621615,0.807132080010668,-0.6791268858390459,-0.10001336836736159,nan,-1,nan,nan,nan,nan,nan,nan,nan,nan,nan,0.0007231516481969787,0.0005030067691139672,-0.0005195502829520304,-1.009121145437164e-06,nan,nan,nan,106,8,False,-7.844656944274902,-10.0,-15.084741592407227,-10.0,3.49621231526703,3.251171027934788,3.49621231526703,3.251171027934788,3.251171027934788,29.701126098632812,48.04692077636719,0.0004982101403411213,10,-0.0010097130854552754,0.0004708595808292112,3.1862633400377515e-07,-0.0007650751151662138,0.0002793879012067402,-4.869163203746751e-07,-1.0097130854552754,0.4708595808292112,0.0003186263340037751,-0.7650751151662138,0.2793879012067402,-0.00048691632037467514,1.114104689783807,0.8144921922199762,0.7310732994463526,0.9962842931885909,0.2446379702890616,-0.191471679622471,-0.0008055426543784503,0.3106592033154691,0.3106602477040955,direction_ok_jac_too_sensitive
12,0.6655741984221942,-0.6419176204768225,-0.09998383986095391,0.8063726420936266,-0.6782762356174478,-0.10001226293953625,0.8066635464106273,-0.6789769902973958,-0.1000136665669795,nan,-1,nan,nan,nan,nan,nan,nan,nan,nan,nan,0.0007587374006325958,0.0002909043170007397,-0.0007007546799480124,-1.4036274432610574e-06,nan,nan,nan,108,8,False,-9.144652366638184,-10.0,-14.283246994018555,-10.0,3.2334935425807316,3.534356056038405,3.2334935425807316,3.534356056038405,3.2334935425807316,33.57261657714844,46.13410949707031,0.0004982101403411213,nan,nan,nan,nan,nan,nan,nan,nan,nan,nan,nan,nan,nan,nan,nan,nan,nan,nan,nan,nan,nan,nan,
13,0.6662119485899535,-0.638497871882882,-0.09999842677765697,0.8061197559933275,-0.6779435718793401,-0.1000121530821003,0.8063953418189659,-0.6788704125567068,-0.1000138372557765,nan,-1,nan,nan,nan,nan,nan,nan,nan,nan,nan,0.000966944253054096,0.0002755858256383581,-0.0009268406773667026,-1.684173676200218e-06,nan,nan,nan,109,8,False,-9.819417953491211,-10.0,-13.82530689239502,-10.0,3.092184463775311,3.6861219315129574,3.092184463775311,3.6861219315129574,3.092184463775311,34.748870849609375,44.39225769042969,0.0004982101403411213,nan,nan,nan,nan,nan,nan,nan,nan,nan,nan,nan,nan,nan,nan,nan,nan,nan,nan,nan,nan,nan,nan,
14,0.667143513547608,-0.635115223731726,-0.0999705115202576,0.8058717510318206,-0.6776065955137508,-0.10001203693289729,0.8061677975205696,-0.6787551538688668,-0.10001398205490862,nan,-1,nan,nan,nan,nan,nan,nan,nan,nan,nan,0.0011860985703588227,0.0002960464887489245,-0.0011485583551159584,-1.945122011334788e-06,nan,nan,nan,110,8,False,-10.310091018676758,-10.0,-13.513298988342285,-10.0,2.9844186977130676,3.8013089003309233,2.9844186977130676,3.8013089003309233,2.9844186977130676,35.668365478515625,43.291778564453125,0.0004982101403411213,nan,nan,nan,nan,nan,nan,nan,nan,nan,nan,nan,nan,nan,nan,nan,nan,nan,nan,nan,nan,nan,nan,
15,0.6682796750020238,-0.631722688121536,-0.09996217760979026,0.8057497637253316,-0.6774365281700302,-0.10001489305957202,0.805872330200806,-0.678540127140239,-0.10001417004319788,0.001110384384035495,116,0.80574976652405,-0.6774365277448741,-0.10001424749472285,0.0010647438456157041,4.740895549010978e-11,0.0011103842704020192,0.001110384337710574,2.8308271302477063e-09,0.0010893593871523733,0.0011103842704020192,0.00012256647547437272,-0.0011035989702088411,7.230163741461793e-07,-0.0001585935227812474,-0.0010528663501643276,-1.2935434169455973e-05,111,8,False,-10.815361022949219,-10.0,-13.289203643798828,-10.0,2.877661805953835,3.914059150392518,2.877661805953835,3.914059150392518,2.877661805953835,35.74656677246094,41.542266845703125,0.0005654035686502445,nan,nan,nan,nan,nan,nan,nan,nan,nan,nan,nan,nan,nan,nan,nan,nan,nan,nan,nan,nan,nan,nan,
16,0.6717959298754611,-0.6223609876926415,-0.10000774889822783,0.8055109381177804,-0.6770927679440369,-0.10001464443532089,0.805646172554548,-0.6784302277948754,-0.10001431396235193,nan,-1,nan,nan,nan,nan,nan,nan,nan,nan,nan,0.0013442794372795488,0.00013523443676755065,-0.0013374598508384405,3.304729689623809e-07,nan,nan,nan,113,8,False,-11.118753433227539,-10.0,-13.348113059997559,-10.0,2.7577483301272423,4.0339660798105115,2.7577483301272423,4.0339660798105115,2.7577483301272423,36.11381530761719,41.24198913574219,0.0005654035686502445,15,-0.00012256647547440657,0.0011035989702088101,-7.230163741394888e-07,-0.00022615764625799617,0.00010989934536365098,-1.4391915405254085e-07,-0.12256647547440656,1.10359897020881,-0.0007230163741394887,-0.22615764625799617,0.10989934536365098,-0.00014391915405254085,1.1103842704019922,0.25144611166672665,0.2264496338274371,0.5336771196600892,-0.1035911707835896,-0.9936996248451592,0.0005790972200869479,0.9990846185792897,0.9990847864096997,mixed_noise_backlash_delay_or_constraints
17,0.6737776205832665,-0.616444187620813,-0.10001805129234626,0.805279654702826,-0.6767437624007072,-0.10001438575890444,0.8052259761593062,-0.678017231737735,-0.1000145812524916,nan,-1,nan,nan,nan,nan,nan,nan,nan,nan,nan,0.0012746001484325756,-5.367854351978618e-05,-0.001273469337027766,-1.9549358716564047e-07,nan,nan,nan,115,8,False,-11.56102466583252,-10.0,-13.635286331176758,-10.0,2.63766464767707,4.139326161942336,2.63766464767707,4.139326161942336,2.63766464767707,35.40431213378906,40.00732421875,0.0005654035686502445,nan,nan,nan,nan,nan,nan,nan,nan,nan,nan,nan,nan,nan,nan,nan,nan,nan,nan,nan,nan,nan,nan,
18,0.674305189005883,-0.6141691479135614,-0.09997112051403689,0.805055046203806,-0.6763903591793407,-0.10001409477724753,0.8049769969370795,-0.6778041281587822,-0.10001473964654536,nan,-1,nan,nan,nan,nan,nan,nan,nan,nan,nan,0.001415921754641756,-7.80492667264987e-05,-0.0014137689794415653,-6.44869297836137e-07,nan,nan,nan,117,8,False,-11.776227951049805,-10.0,-13.870973587036133,-10.0,2.539845543332376,4.222709950406625,2.539845543332376,4.222709950406625,2.539845543332376,34.48753356933594,39.035430908203125,0.0005654035686502445,nan,nan,nan,nan,nan,nan,nan,nan,nan,nan,nan,nan,nan,nan,nan,nan,nan,nan,nan,nan,nan,nan,
19,0.6750649723032026,-0.6121824861539636,-0.09999809766909601,0.8048377956959336,-0.6760323700600702,-0.10001378681217915,0.8047212279765167,-0.6776691972763098,-0.10001490240380435,nan,-1,nan,nan,nan,nan,nan,nan,nan,nan,nan,0.0016409726899106842,-0.00011656771941692678,-0.0016368272162395892,-1.1155916252031384e-06,nan,nan,nan,118,8,False,-12.002644538879395,-10.0,-14.1945161819458,-10.0,2.3875998403534595,4.357287623955017,2.3875998403534595,4.357287623955017,2.3875998403534595,34.42799377441406,39.062744140625,0.0005654035686502445,nan,nan,nan,nan,nan,nan,nan,nan,nan,nan,nan,nan,nan,nan,nan,nan,nan,nan,nan,nan,nan,nan,
20,0.6759507528274611,-0.6103568890589636,-0.10001344415047841,0.8048377880518114,-0.6760323701958665,-0.10001642306450817,0.8045084761140489,-0.6775265993115366,-0.10001503777153832,0.0015300887912409011,124,0.8048377962992576,-0.6760323704386074,-0.10001482734140842,0.0031724093033021453,6.940030148070445e-11,0.001530087253220926,0.0015300887228486683,8.25101760376784e-09,0.0012445512221102998,0.001530087253220926,-0.0003293119377625331,-0.0014942291156700982,1.38529296984935e-06,-0.0004865393517875516,-0.003134878027426291,-1.4469135747471884e-05,119,8,False,-12.254755020141602,-10.0,-14.502959251403809,-10.0,2.26966628943876,4.453526134312369,2.26966628943876,4.453526134312369,2.26966628943876,34.22355651855469,38.85151672363281,0.0010742290643134392,nan,nan,nan,nan,nan,nan,nan,nan,nan,nan,nan,nan,nan,nan,nan,nan,nan,nan,nan,nan,nan,nan,
21,0.6825335002006733,-0.599659551242798,-0.10000671428101937,0.8046314878581695,-0.6756680257290492,-0.1000162957489418,0.8044884080156005,-0.6772271123491284,-0.10001505039126614,nan,-1,nan,nan,nan,nan,nan,nan,nan,nan,nan,0.0015656381862549046,-0.00014307984256900497,-0.0015590866200791975,1.2453576756638052e-06,nan,nan,nan,120,8,False,-12.281270027160645,-10.0,-14.53695297241211,-10.0,2.390561484095656,4.30312748839674,2.390561484095656,4.30312748839674,2.390561484095656,32.35858154296875,36.988555908203125,0.0010742290643134392,20,0.00032931193776252973,0.001494229115670082,-1.385292969849178e-06,-2.0068098448344784e-05,0.00029948696240822414,-1.2619727818297122e-08,0.3293119377625297,1.494229115670082,-0.001385292969849178,-0.020068098448344784,0.29948696240822414,-1.2619727818297122e-05,1.5300872532209093,0.30015857347048663,0.19617088675333194,0.9599879366837016,-0.3493800362108745,-1.1947421532618578,0.0013726732420308808,1.2447791862348487,1.244779943088465,direction_ok_jac_too_sensitive
22,0.6836427238820378,-0.5957654196191363,-0.09998093116248713,0.8044243032861393,-0.6753043063839551,-0.10001614343593351,0.8040029827001136,-0.6770617837662622,-0.1000153593364425,nan,-1,nan,nan,nan,nan,nan,nan,nan,nan,nan,0.0018072735779428122,-0.00042132058602573075,-0.0017574773823071377,7.840994910163213e-07,nan,nan,nan,122,8,False,-13.100408554077148,-10.0,-15.388724327087402,-10.0,2.050858643499737,4.616242696615927,2.050858643499737,4.616242696615927,2.050858643499737,33.3778076171875,37.716705322265625,0.0010742290643134392,nan,nan,nan,nan,nan,nan,nan,nan,nan,nan,nan,nan,nan,nan,nan,nan,nan,nan,nan,nan,nan,nan,
23,0.6839979929882084,-0.5938099710019554,-0.09998616465206475,0.804196230824474,-0.6749532273752895,-0.10001593253749928,0.8037078445194178,-0.6769488610944232,-0.10001554716838669,nan,-1,nan,nan,nan,nan,nan,nan,nan,nan,nan,0.0020545255228178196,-0.0004883863050562098,-0.0019956337191336937,3.853691125932368e-07,nan,nan,nan,123,8,False,-13.864105224609375,-10.0,-15.741421699523926,-10.0,1.8587067610787926,4.801343127137216,1.8587067610787926,4.801343127137216,1.8587067610787926,34.82768249511719,38.20367431640625,0.0010742290643134392,nan,nan,nan,nan,nan,nan,nan,nan,nan,nan,nan,nan,nan,nan,nan,nan,nan,nan,nan,nan,nan,nan,
24,0.6844268474751265,-0.5923442898049106,-0.09999203783450222,0.8039544789413855,-0.6746114757626467,-0.10001568167995759,0.8034956349320032,-0.6768687535897433,-0.10001568222345224,nan,-1,nan,nan,nan,nan,nan,nan,nan,nan,nan,0.0023034411244153997,-0.00045884400938234204,-0.0022572778270966154,-5.434946520610495e-10,nan,nan,nan,124,8,False,-14.387360572814941,-10.0,-15.8643798828125,-10.0,1.723491418840922,4.935795206624334,1.723491418840922,4.935795206624334,1.723491418840922,35.163299560546875,37.73970031738281,0.0010742290643134392,nan,nan,nan,nan,nan,nan,nan,nan,nan,nan,nan,nan,nan,nan,nan,nan,nan,nan,nan,nan,nan,nan,
25,0.6848437919052413,-0.5911700979420168,-0.09999080304359562,0.8040770636056845,-0.6747811049405008,-0.10001589904186431,0.8030847127484659,-0.6766114865697043,-0.1000159436905737,0.0020820855191270027,131,0.8040770831522293,-0.674781109261417,-0.10001531097451449,0.005767729592353007,1.0625988589200114e-10,0.0020820800014283813,0.002082085413372055,2.0018434678523158e-08,0.0018462526353797781,0.0020820800014283813,-0.0009923508572186046,-0.0018303816292034591,-4.464870939635546e-08,-0.0012963237381217185,-0.0056201645364247765,-1.6622099114654842e-05,126,8,False,-14.98515796661377,-10.0,-15.495413780212402,-10.0,1.5245368480470916,5.143576760805672,1.5245368480470916,5.143576760805672,1.5245368480470916,35.074615478515625,35.95460510253906,0.0018117949780280308,nan,nan,nan,nan,nan,nan,nan,nan,nan,nan,nan,nan,nan,nan,nan,nan,nan,nan,nan,nan,nan,nan,
26,0.6951405227087855,-0.579647434265048,-0.09999891841590436,0.8038289980820831,-0.6744440527051413,-0.10001595765978741,0.8032287954089267,-0.676305409700454,-0.10001585180526636,nan,-1,nan,nan,nan,nan,nan,nan,nan,nan,nan,0.001955733395139491,-0.0006002026731564136,-0.0018613569953127573,1.0585452105138504e-07,nan,nan,nan,127,8,False,-14.812135696411133,-10.0,-15.73582649230957,-10.0,1.8168411445591914,4.858544675638768,1.8168411445591914,4.858544675638768,1.8168411445591914,33.29396057128906,34.882476806640625,0.0018117949780280308,25,0.0009923508572186128,0.0018303816292034106,4.4648709402605005e-08,0.00014408266046073148,0.0003060768692502158,9.188530734893785e-08,0.9923508572186128,1.8303816292034105,4.464870940260501e-05,0.14408266046073148,0.3060768692502158,9.188530734893785e-05,2.0820800014283427,0.3382940480343338,0.16247889016741884,0.9983839970743277,-0.8482681967578813,-1.5243047599531947,4.723659794633284e-05,1.744437999714187,1.744438000353733,direction_ok_jac_too_sensitive
27,0.6950834128749561,-0.5769752626585561,-0.37,0.8035722123735313,-0.6741137950558993,-0.10001110280968939,0.8026482399590907,-0.6759692856623225,-0.10001622122318128,0.002072873032159812,135,0.8035723132118255,-0.6741137827032746,-0.10001563197334262,0.008371188701886204,0.0,0.0020728170235628177,0.002072873032159812,1.0159207118829154e-07,nan,0.0020728170235628177,-0.0009239724144405326,-0.0018554906064232046,-5.118413491891904e-06,-0.0026437848805200836,-0.007942745229964299,-1.8034989028373194e-05,130,13,True,-15.323675155639648,-10.0,-15.009642601013184,-10.0,1.5368734338225067,5.176740381850095,1.5368734338225067,5.176740381850095,1.5368734338225067,32.74519348144531,32.199981689453125,0.001851658661015989,nan,nan,nan,nan,nan,nan,nan,nan,nan,nan,nan,nan,nan,nan,nan,nan,nan,nan,nan,nan,nan,nan,
28,0.7051495288271334,-0.5679470368957104,-0.10001349028702022,0.8033109524848157,-0.6737883925385931,-0.10001661802450061,0.8026122737995195,-0.6755576268245583,-0.10001624390549135,nan,-1,nan,nan,nan,nan,nan,nan,nan,nan,nan,0.0019021939606470154,-0.0006986786852961613,-0.0017692342859652044,3.741190092582114e-07,nan,nan,nan,132,13,True,-15.347472190856934,-10.0,-15.009708404541016,-10.0,1.7417748106797717,4.996817433152046,1.7417748106797717,4.996817433152046,1.7417748106797717,31.093032836914062,30.50726318359375,0.001851658661015989,27,0.0009239724144405747,0.001855490606423241,5.118413491892352e-06,-3.5966159571243494e-05,0.0004116588377641728,-2.2682310071853173e-08,0.9239724144405748,1.855490606423241,0.005118413491892352,-0.035966159571243494,0.4116588377641728,-2.2682310071853173e-05,2.072817023562869,0.41322701187561983,0.19935527689076374,0.8529585487980655,-0.9599385740118183,-1.4438317686590683,-0.005141095801964205,1.733820129674649,1.7338277518055423,direction_ok_jac_too_sensitive
29,0.7078434387930098,-0.5641668071580944,-0.09999752266628809,0.8030512130653737,-0.6734618545984757,-0.10001984687052295,0.8021461962051035,-0.6749759324737079,-0.10001654031662119,nan,-1,nan,nan,nan,nan,nan,nan,nan,nan,nan,0.001763940852081194,-0.0009050168602702247,-0.001514077875232167,3.3065539017662626e-06,nan,nan,nan,136,13,True,-15.588081359863281,-10.0,-15.496662139892578,-10.0,1.678463159589171,5.0796455042641355,1.678463159589171,5.0796455042641355,1.678463159589171,28.686676025390625,28.5333251953125,0.001851658661015989,nan,nan,nan,nan,nan,nan,nan,nan,nan,nan,nan,nan,nan,nan,nan,nan,nan,nan,nan,nan,nan,nan,
30,0.7087079704744318,-0.5626349529379894,-0.10001237557844272,0.8028017891468577,-0.6731267389906891,-0.10002289467652882,0.8017961584562218,-0.6745639431396069,-0.10001676294291097,nan,-1,nan,nan,nan,nan,nan,nan,nan,nan,nan,0.0017540948810185549,-0.0010056306906359724,-0.0014372041489177922,6.131733617853463e-06,nan,nan,nan,139,13,True,-15.664206504821777,-10.0,-16.392168045043945,-10.0,1.6075295492124724,5.056137593443964,1.6075295492124724,5.056137593443964,1.6075295492124724,27.660308837890625,28.8292236328125,0.001851658661015989,nan,nan,nan,nan,nan,nan,nan,nan,nan,nan,nan,nan,nan,nan,nan,nan,nan,nan,nan,nan,nan,nan,
31,0.7107112663450108,-0.5609138058585496,-0.09998287676086015,0.8025621558465884,-0.6727838667032229,-0.10002569347076351,0.8016306472378929,-0.6743698885189424,-0.10001686820951514,nan,-1,nan,nan,nan,nan,nan,nan,nan,nan,nan,0.0018393405035534202,-0.0009315086086955082,-0.0015860218157195405,8.825261248374128e-06,nan,nan,nan,140,13,True,-15.665823936462402,-10.0,-16.74287986755371,-10.0,1.5711173335155877,5.041805322884102,1.5711173335155877,5.041805322884102,1.5711173335155877,26.90869140625,28.611557006835938,0.001851658661015989,nan,nan,nan,nan,nan,nan,nan,nan,nan,nan,nan,nan,nan,nan,nan,nan,nan,nan,nan,nan,nan,nan,
32,0.7137142780601298,-0.5588154173158149,-0.09998504757115262,0.8021194527875243,-0.6720734367908349,-0.10002083142494217,0.8014202187854451,-0.6739115115468739,-0.10001700193361479,0.0019665703338249915,147,0.8021194054816869,-0.6720734318854666,-0.10001655586005845,0.011718750012957765,5.332910756774822e-10,0.001966582568429709,0.0019665708199979805,4.755948786084045e-08,0.0021614798220634746,0.001966582568429709,-0.0006992340020791632,-0.001838074756039032,3.82949132737842e-06,-0.005412400291605612,-0.010393989847485186,-2.070280649299483e-05,142,13,True,-15.618648529052734,-10.0,-17.042646408081055,-10.0,1.6375538036442094,4.891062869287225,1.6375538036442094,4.891062869287225,1.6375538036442094,25.459442138671875,27.6864013671875,0.0015813913083238026,nan,nan,nan,nan,nan,nan,nan,nan,nan,nan,nan,nan,nan,nan,nan,nan,nan,nan,nan,nan,nan,nan,
33,0.7211813874683671,-0.5535565854389898,-0.0999749309256256,0.8019076492636406,-0.6717126322069261,-0.10001840776501537,0.8011321589800512,-0.6729716738719993,-0.10001718482854277,nan,-1,nan,nan,nan,nan,nan,nan,nan,nan,nan,0.0014787058849993653,-0.000775490283589364,-0.0012590416650731795,1.2229364726029646e-06,nan,nan,nan,146,13,True,-15.316413879394531,-10.0,-17.2025203704834,-10.0,1.9033893942024633,4.528854445765546,1.9033893942024633,4.528854445765546,1.9033893942024633,21.42523193359375,24.395660400390625,0.0015813913083238026,32,0.0006992340020791372,0.001838074756039,-3.8294913273827275e-06,-0.0002880598053939254,0.0009398376748745996,-1.8289492798029272e-07,0.6992340020791372,1.8380747560389998,-0.0038294913273827277,-0.2880598053939254,0.9398376748745996,-0.00018289492798029272,1.9665825684296694,0.9829920175653919,0.4998478237557401,0.7894275005614573,-0.9872938074730626,-0.8982370811644004,0.003646596399402435,1.3347579991344491,1.3347629804271237,direction_ok_jac_too_sensitive
34,0.7257439342051458,-0.5501757620870659,-0.0999748068209648,0.8016894045406817,-0.6713555503614165,-0.10001543859600459,0.8008627355903137,-0.6722962649574945,-0.1000173559969167,nan,-1,nan,nan,nan,nan,nan,nan,nan,nan,nan,0.0012523280340137524,-0.0008266689503679814,-0.0009407145960780294,-1.917400912113121e-06,nan,nan,nan,149,13,True,-15.139634132385254,-10.0,-17.082162857055664,-10.0,2.048474780931315,4.373468406335633,2.048474780931315,4.373468406335633,2.048474780931315,18.954421997070312,22.054931640625,0.0015813913083238026,nan,nan,nan,nan,nan,nan,nan,nan,nan,nan,nan,nan,nan,nan,nan,nan,nan,nan,nan,nan,nan,nan,
35,0.7248257069355982,-0.5494889768081989,-0.09999303526764411,0.8014663707942703,-0.6710011981966666,-0.1000120296023058,0.8007096589335749,-0.6718424225679537,-0.10001745321209735,nan,-1,nan,nan,nan,nan,nan,nan,nan,nan,nan,0.0011314907348115588,-0.0007567118606953693,-0.0008412243712870859,-5.423609791541106e-06,nan,nan,nan,152,13,True,-15.134952545166016,-10.0,-16.97894859313965,-10.0,2.1720508511393746,4.2742626756657955,2.1720508511393746,4.2742626756657955,2.1720508511393746,17.5155029296875,20.472549438476562,0.0015813913083238026,nan,nan,nan,nan,nan,nan,nan,nan,nan,nan,nan,nan,nan,nan,nan,nan,nan,nan,nan,nan,nan,nan,
36,0.7237191967764334,-0.5495126565762687,-0.09999854567377336,0.8012392205779387,-0.6706494722304145,-0.10000840319161058,0.800401894015309,-0.6713353959760151,-0.10001764887716172,nan,-1,nan,nan,nan,nan,nan,nan,nan,nan,nan,0.0010824080364003363,-0.0008373265626296922,-0.000685923745600614,-9.245685551134697e-06,nan,nan,nan,154,13,True,-15.204057693481445,-10.0,-16.70912742614746,-9.949905395507812,2.192639548643456,4.309937693016536,2.192639548643456,4.309937693016536,2.192639548643456,16.521774291992188,19.082611083984375,0.0015813913083238026,nan,nan,nan,nan,nan,nan,nan,nan,nan,nan,nan,nan,nan,nan,nan,nan,nan,nan,nan,nan,nan,nan,
37,0.7223607437350783,-0.5498015572182974,-0.10001074803666976,0.8003319121735638,-0.6692416587162956,-0.10001688201191428,0.8000442599824827,-0.670769605132764,-0.10001787625927203,0.0015547700843342087,163,0.8003319509955009,-0.6692416837027915,-0.10001769231353982,0.013127607386215436,1.4794760892146768e-10,0.001554787456417194,0.0015547699476389334,4.6167821877475734e-08,0.002450796231979333,0.001554787456417194,-0.000287652191081067,-0.001527946416468362,-9.942473577495559e-07,-0.007289272039869621,-0.010917902216790232,-2.4478607827393972e-05,158,13,True,-15.330904960632324,-10.0,-14.479405403137207,-8.544631958007812,2.190758547239284,4.331139813252321,2.190758547239284,4.331139813252321,2.190758547239284,15.699966430664062,18.269638061523438,0.0010700942721416752,nan,nan,nan,nan,nan,nan,nan,nan,nan,nan,nan,nan,nan,nan,nan,nan,nan,nan,nan,nan,nan,nan,
38,0.7259257178610155,-0.5474130803713554,-0.09999051928728853,0.8001099031418654,-0.6688870162776946,-0.10001726157640876,0.8003499430330197,-0.669066802039028,-0.10001768076834981,nan,-1,nan,nan,nan,nan,nan,nan,nan,nan,nan,0.000299903433330768,0.0002400398911542867,-0.0001797857613333731,-4.191919410478917e-07,nan,nan,nan,164,13,True,-15.220887184143066,-10.0,-16.411785125732422,-9.751251220703125,3.313096901308768,3.142762016612778,3.313096901308768,3.142762016612778,3.142762016612778,8.797027587890625,11.38446044921875,0.0010700942721416752,37,0.00028765219108103717,0.001527946416468378,9.942473577439909e-07,0.00030568305053690903,0.0017028030937359384,1.9549092221404774e-07,0.2876521910810372,1.527946416468378,0.0009942473577439909,0.30568305053690903,1.7028030937359384,0.00019549092221404774,1.5547874564172042,1.7300232667285818,1.1127072439872119,0.9999638674148709,0.018030859455871857,0.17485667726756032,-0.0007987564355299431,0.17578387149499566,0.17578568624780702,mixed_noise_backlash_delay_or_constraints
