node_index,s_m,insertion_m,position_error_m,position_error_mm,tangent_error_rad,tangent_error_deg,feasible,position_constraint_margin_m,tangent_constraint_margin_rad,minimum_joint_margin_rad,minimum_state_margin,jacobian_condition,jacobian_effective_rank,contact_active,contact_diagnostic_available,minimum_gap_m,contact_energy,contact_force_norm,q1_rad,q2_rad,q3_rad,q4_rad,q5_rad,q6_rad,magnet_pose_x,magnet_pose_y,magnet_pose_z,magnet_pose_rx,magnet_pose_ry,magnet_pose_rz,desired_x,desired_y,desired_z,achieved_x,achieved_y,achieved_z,desired_tangent_x,desired_tangent_y,desired_tangent_z,achieved_tangent_x,achieved_tangent_y,achieved_tangent_z,seed_q1,seed_q2,seed_q3,seed_q4,seed_q5,seed_q6,seed_L,change_from_seed_q1,change_from_seed_q2,change_from_seed_q3,change_from_seed_q4,change_from_seed_q5,change_from_seed_q6,change_from_seed_L
0,0.0,0.03,0.0,0.0,0.4318794898909357,24.744872029013518,1,0.0015,2.707967834446863,4.226776597179587,0.020000000000000004,nan,0,1,1,0.048386044656936286,3.9402483860724596e-13,1.5295385032968071e-09,-0.85634357,-1.94584002,-1.76176286,-1.0331945,1.56234264,-2.05640871,0.24557497783369636,-0.6700279629478505,-0.016566991220873295,-3.077932948039142,0.5753726959665791,0.045033578217205016,0.4955829090244966,-0.6694141284814393,-0.016556854953102364,0.4955829090244966,-0.6694141284814393,-0.016556854953102364,-0.894427190999916,0.447213595499958,0.0,-0.9994952885411609,0.03176307030997575,0.0005249271427344702,-0.85634357,-1.94584002,-1.76176286,-1.0331945,1.56234264,-2.05640871,0.03,0.0,0.0,0.0,0.0,0.0,0.0,0.0
1,0.00025,0.030161904957272282,6.475869534322803e-05,0.06475869534322803,0.42646238171303835,24.434494593254197,1,0.001435241304656772,2.7133849426247605,4.226993187250649,0.01983809504272772,nan,0,1,1,0.04827703436030454,3.9679829604115273e-13,1.5344608782464198e-09,-0.8552500325581547,-1.945205898799154,-1.762668834754066,-1.0341622848613212,1.5632861839021222,-2.056192119928937,0.2459805629233878,-0.6686707448252085,-0.01657970468994019,-3.076709432976988,0.5737608538391747,0.045628211893480104,0.4953593022267466,-0.6693023250825644,-0.016556854953102364,0.49542399999844233,-0.6693050995711629,-0.016557289893539027,-0.8944271909999103,0.4472135954999692,0.0,-0.9993085742744622,0.037176927936087234,0.0004994104291955102,-0.8552500325581547,-1.945205898799154,-1.762668834754066,-1.0341622848613212,1.5632861839021222,-2.056192119928937,0.030161904957272282,0.0,0.0,0.0,0.0,0.0,0.0,0.0
2,0.0005,0.030370395035201947,8.339398209510853e-05,0.08339398209510854,0.4210856705152223,24.126431733958604,1,0.0014166060179048915,2.7187616538225767,4.227204684200026,0.019629604964798056,nan,0,1,1,0.04816613821386464,4.0020772611060863e-13,1.5395140357664034e-09,-0.8541699313243752,-1.9445979741569674,-1.7635273240423675,-1.0350833059108495,1.5642106597970666,-2.0559806229795603,0.24640225494825846,-0.6673629786027808,-0.01658835060506486,-3.075539595842132,0.5721753673480602,0.046160965488608395,0.4951356954289966,-0.6691905216836893,-0.016556854953102364,0.49521900738320523,-0.669194194842638,-0.01655728208183706,-0.8944271909999048,0.4472135954999803,0.0,-0.9990942428444877,0.042549358512392985,0.000495989096558534,-0.8541699313243752,-1.9445979741569674,-1.7635273240423675,-1.0350833059108495,1.5642106597970666,-2.0559806229795603,0.030370395035201947,0.0,0.0,0.0,0.0,0.0,0.0,0.0
3,0.00075,0.03059252302134997,8.885008280937653e-05,0.08885008280937653,0.415794746512604,23.823284118884114,1,0.0014111499171906236,2.7240525778251947,4.22741010551532,0.019407476978650032,nan,0,1,1,0.04805485322413411,4.038125383391089e-13,1.5446307044843575e-09,-0.8531110443754165,-1.9440234764021007,-1.764339313607413,-1.0359545620073927,1.565109982312613,-2.0557752016642667,0.24683239945033078,-0.6661079555177262,-0.01659793808016774,-3.0744227548415695,0.5706264317815952,0.046643919501745665,0.49491208863124664,-0.6690787182848144,-0.016556854953102364,0.4950008392108583,-0.6690829035208886,-0.016557249456371905,-0.8944271909999048,0.4472135954999803,0.0,-0.9988551353505903,0.047834871348453295,0.0004936262056603035,-0.8531110443754165,-1.9440234764021007,-1.764339313607413,-1.0359545620073927,1.565109982312613,-2.0557752016642667,0.03059252302134997,0.0,0.0,0.0,0.0,0.0,0.0,0.0
4,0.001,0.030818886832103144,9.0517523530605e-05,0.090517523530605,0.41059238515861346,23.52521076979849,1,0.001409482476469395,2.7292549391791856,4.227609653499027,0.01918111316789686,nan,0,1,1,0.04794346841719696,4.0748770335234e-13,1.5497981548318965e-09,-0.8520712150884572,-1.9434805943373683,-1.7651082389564436,-1.036780279773459,1.5659822459237682,-2.05557565368056,0.24726923921154942,-0.6649024915225105,-0.016608553466505083,-3.0733573303652606,0.5691102688768218,0.04708592583549669,0.4946884818334967,-0.6689669148859394,-0.016556854953102364,0.4947788816703724,-0.6689715135520883,-0.01655723420053063,-0.8944271909999048,0.4472135954999803,0.0,-0.9985927670280955,0.05303060625887491,0.0004903457840233836,-0.8520712150884572,-1.9434805943373683,-1.7651082389564436,-1.036780279773459,1.5659822459237682,-2.05557565368056,0.030818886832103144,0.0,0.0,0.0,0.0,0.0,0.0,0.0
5,0.00125,0.03104673972857049,9.113250240478052e-05,0.09113250240478052,0.40547204732000275,23.23183702196496,1,0.0014088674975952194,2.7343752770177963,4.2277987804773565,0.018953260271429514,nan,0,1,1,0.04783202158738673,4.111967648496766e-13,1.5550136030498576e-09,-0.8511360050341132,-1.9429241799817039,-1.7658988769752026,-1.037624974171671,1.5667946585973709,-2.0553865267022298,0.24759797616466322,-0.6637254870106932,-0.01661349878211027,-3.072291401582692,0.5677446112229859,0.047620216618078505,0.4944648750357467,-0.6688551114870643,-0.016556854953102364,0.49455587225266007,-0.6688600626213278,-0.016557209605165376,-0.8944271909999048,0.4472135954999803,0.0,-0.9983081444553807,0.058143021893181095,0.0004875645431878342,-0.8511360050341132,-1.9429241799817039,-1.7658988769752026,-1.037624974171671,1.5667946585973709,-2.0553865267022298,0.03104673972857049,0.0,0.0,0.0,0.0,0.0,0.0,0.0
6,0.0015,0.03127532888685049,9.144092393061435e-05,0.09144092393061436,0.40043026785479335,22.942964337372736,1,0.0014085590760693856,2.7394170564830054,4.227967247604428,0.018724671113149516,nan,0,1,1,0.04772065038434456,4.149285091507293e-13,1.5602674701889898e-09,-0.8504543899181067,-1.9422810822225043,-1.766820770293868,-1.0386122460064515,1.567484358511878,-2.055218059575158,0.2476141868314332,-0.6625398153693249,-0.01660220255102879,-3.071131324250316,0.5667301169280468,0.04850032392014495,0.49424126823799674,-0.6687433080881894,-0.016556854953102364,0.4943325497917908,-0.6687486872717227,-0.016557284942335996,-0.8944271909999056,0.44721359549997863,0.0,-0.9980023171612884,0.06317550649043206,0.0004799170518209571,-0.8504543899181067,-1.9422810822225043,-1.766820770293868,-1.0386122460064515,1.567484358511878,-2.055218059575158,0.03127532888685049,0.0,0.0,0.0,0.0,0.0,0.0,0.0
7,0.00175,0.0315044346730813,9.1648839674195e-05,0.091648839674195,0.3954653592150168,22.6584960266455,1,0.0014083511603258051,2.7443819651227823,4.228131883006,0.018495565326918706,nan,0,1,1,0.04760919130888607,4.1868182833690196e-13,1.5655719360213197e-09,-0.8497869285864273,-1.9416578554926764,-1.7677130203966598,-1.0395688605633275,1.5681581900287684,-2.055053424173586,0.24763554578402883,-0.6613880217055561,-0.016590389893619772,-3.0700051244114324,0.565739950367242,0.04934743206825204,0.4940176614402467,-0.6686315046893143,-0.016556854953102364,0.4941091306631364,-0.6686372254114493,-0.016557260435335907,-0.8944271909999281,0.44721359549993367,0.0,-0.9976763585339897,0.06812969866569978,0.00047726520840783796,-0.8497869285864273,-1.9416578554926764,-1.7677130203966598,-1.0395688605633275,1.5681581900287684,-2.055053424173586,0.0315044346730813,0.0,0.0,0.0,0.0,0.0,0.0,0.0
8,0.002,0.03173398916251619,9.181557382211384e-05,0.09181557382211383,0.390579211008565,22.378540356340398,1,0.0014081844261778862,2.749268113329234,4.228292630329962,0.01826601083748381,nan,0,1,1,0.04749771608702718,4.224555338365405e-13,1.5709242363320624e-09,-0.8491336439477613,-1.9410557758280882,-1.7685761865159795,-1.0404948013055741,1.5688157729735355,-2.0548926768496245,0.24766157674871883,-0.6602697169869932,-0.016579188106352505,-3.068911987997649,0.5647737311505755,0.050164065261396135,0.49379405464249676,-0.6685197012904394,-0.016556854953102364,0.493885670132016,-0.6685257478561049,-0.01655723007986157,-0.8944271909999495,0.4472135954998909,0.0,-0.9973315596256602,0.0730036617054335,0.000474923411544531,-0.8491336439477613,-1.9410557758280882,-1.7685761865159795,-1.0404948013055741,1.5688157729735355,-2.0548926768496245,0.03173398916251619,0.0,0.0,0.0,0.0,0.0,0.0,0.0
9,0.0022500000000000003,0.03196393272906702,9.199204413368483e-05,0.09199204413368484,0.38577328918410114,22.103181319128804,1,0.001408007955866315,2.754074035153698,4.228450146628041,0.01803606727093298,nan,0,1,1,0.04738628884630964,4.262485662380278e-13,1.5763218596718099e-09,-0.8484948363950335,-1.9404743572197156,-1.7694119764406804,-1.0413888723872848,1.569457200286793,-2.0547351605515454,0.24769182976178516,-0.6591843335551795,-0.0165691463006839,-3.0678515898355627,0.5638327625948176,0.050950110652995095,0.4935704478447468,-0.6684078978915644,-0.016556854953102364,0.4936622147635712,-0.6684143183783503,-0.01655723723938539,-0.8944271909999495,0.4472135954998909,0.0,-0.9969691955067032,0.07779589681881319,0.0004707960000773382,-0.8484948363950335,-1.9404743572197156,-1.7694119764406804,-1.0413888723872848,1.569457200286793,-2.0547351605515454,0.03196393272906702,0.0,0.0,0.0,0.0,0.0,0.0,0.0
10,0.0025000000000000005,0.032194278314989846,9.215548326598986e-05,0.09215548326598987,0.38104188436256375,21.832091791686864,1,0.00140784451673401,2.758805439975235,4.228603350023245,0.017805721685010156,nan,0,1,1,0.047274820888166494,4.300618283324788e-13,1.5817696723407559e-09,-0.847869453032553,-1.9399119233062876,-1.770220877149036,-1.0422557930288234,1.5700835226297727,-2.0545819571563415,0.24772593198538728,-0.6581297747667072,-0.016559299989291065,-3.0668215446261087,0.5629131084201571,0.05170878705497324,0.4933468410469968,-0.6682960944926895,-0.016556854953102364,0.4934387479930856,-0.6683028486535891,-0.016557212258505063,-0.894427190999948,0.4472135954998937,0.0,-0.996589954972892,0.08251207416849524,0.0004682558507877129,-0.847869453032553,-1.9399119233062876,-1.770220877149036,-1.0422557930288234,1.5700835226297727,-2.0545819571563415,0.032194278314989846,0.0,0.0,0.0,0.0,0.0,0.0,0.0
11,0.0027500000000000007,0.03242501471918908,9.230873494263617e-05,0.09230873494263617,0.37638562516697754,21.565307791460793,1,0.0014076912650573638,2.763461699170821,4.228753490506906,0.017574985280810924,nan,0,1,1,0.047163355135653576,4.338950459586769e-13,1.5872662041912142e-09,-0.8472572607067156,-1.939368734805991,-1.7710032739030421,-1.043096528907998,1.5706942083727027,-2.05443181667268,0.2477635049542485,-0.6571053494374877,-0.016549954629488217,-3.0658210077697516,0.5620160751181373,0.052442544796142465,0.4931232342492468,-0.6681842910938145,-0.016556854953102364,0.4932152696757034,-0.6681913813432786,-0.016557188399052434,-0.8944271909999256,0.44721359549993867,0.0,-0.9961949565016586,0.08715154488446052,0.00046568756762233905,-0.8472572607067156,-1.939368734805991,-1.7710032739030421,-1.043096528907998,1.5706942083727027,-2.05443181667268,0.03242501471918908,0.0,0.0,0.0,0.0,0.0,0.0,0.0
12,0.003000000000000001,0.032656140555829785,9.244477845597881e-05,0.0924447784559788,0.3718030045886262,21.302742973211462,1,0.0014075552215440212,2.7680443197491726,4.228898154666087,0.017343859444170218,nan,0,1,1,0.04705188932642141,4.377483695278257e-13,1.5928121661048869e-09,-0.8466620414903427,-1.9388448938420064,-1.7717598894248245,-1.0439107641574032,1.5712964718574267,-2.0542871525134996,0.24780421684445206,-0.6561097992806484,-0.01654210714656751,-3.0648436848499907,0.5611427771278097,0.05314480483857537,0.49289962745149685,-0.6680724876949394,-0.016556854953102364,0.4929917727849405,-0.6680799139287898,-0.016557209409210485,-0.8944271909999048,0.4472135954999803,0.0,-0.9957851175158142,0.09171579570324773,0.00046103420291266,-0.8466620414903427,-1.9388448938420064,-1.7717598894248245,-1.0439107641574032,1.5712964718574267,-2.0542871525134996,0.032656140555829785,0.0,0.0,0.0,0.0,0.0,0.0,0.0
13,0.003250000000000001,0.032887599393354734,9.261132690619058e-05,0.09261132690619057,0.36729234798818816,21.044301387173533,1,0.0014073886730938095,2.772554976349611,4.229041135089133,0.01711240060664527,nan,0,1,1,0.04694041970221201,4.4162122156194257e-13,1.5984083393370262e-09,-0.8460765830466093,-1.9383359675962135,-1.7724946833582291,-1.0446990951308242,1.571879423504792,-2.0541441720904534,0.24784775315153287,-0.6551422840104206,-0.016533761284029225,-3.06389897997848,0.5602890564112616,0.05382648644078721,0.4926760206537468,-0.6679606842960645,-0.016556854953102364,0.4927683058520032,-0.6679684431537348,-0.016557171468121006,-0.8944271909999048,0.4472135954999803,0.0,-0.9953612910447235,0.09620649370814212,0.0004591929513345576,-0.8460765830466093,-1.9383359675962135,-1.7724946833582291,-1.0446990951308242,1.571879423504792,-2.0541441720904534,0.032887599393354734,0.0,0.0,0.0,0.0,0.0,0.0,0.0
14,0.0035000000000000014,0.03311942440854716,9.276743964259826e-05,0.09276743964259826,0.3628525732970811,20.7899210353841,1,0.0014072325603574018,2.776994751040718,4.229180946636767,0.01688057559145284,nan,0,1,1,0.04682894961438137,4.455141812135924e-13,1.6040551866995275e-09,-0.8455039865802623,-1.9378439274658148,-1.7732067079126437,-1.0454630505353502,1.5724488658806433,-2.054004360542819,0.24789382667838616,-0.6542017219363161,-0.016526213031456016,-3.0629803501690973,0.5594563450401017,0.05448490671668412,0.49245241385599686,-0.6678488808971895,-0.016556854953102364,0.4925448272768109,-0.667856971914519,-0.016557159829897625,-0.8944271909999048,0.4472135954999803,0.0,-0.994924348613095,0.10062471101012865,0.0004561479331690467,-0.8455039865802623,-1.9378439274658148,-1.7732067079126437,-1.0454630505353502,1.5724488658806433,-2.054004360542819,0.03311942440854716,0.0,0.0,0.0,0.0,0.0,0.0,0.0
15,0.0037500000000000016,0.03335161882181965,9.290166851830581e-05,0.09290166851830581,0.3584805491287268,20.539422502608204,1,0.0014070983314816942,2.7813667752090723,4.229317148504592,0.016648381178180356,nan,0,1,1,0.04671743847689179,4.4942773841331927e-13,1.609755406262061e-09,-0.8449449352923409,-1.9373674600048167,-1.7738964855061576,-1.046204797709162,1.5730074639347749,-2.053868158674995,0.24794220268865033,-0.65328665984524,-0.016518967249753325,-3.062084827286685,0.5586444745767973,0.055119080132750395,0.4922288070582469,-0.6677370774983145,-0.016556854953102364,0.49232132940652334,-0.6677454598516113,-0.016557121854028703,-0.8944271909999048,0.4472135954999803,0.0,-0.9944749082344811,0.10497357029438079,0.00045434752243961096,-0.8449449352923409,-1.9373674600048167,-1.7738964855061576,-1.046204797709162,1.5730074639347749,-2.053868158674995,0.03335161882181965,0.0,0.0,0.0,0.0,0.0,0.0,0.0
16,0.004000000000000002,0.0335841260866711,9.306338075037185e-05,0.09306338075037185,0.35417811987440617,20.292911464682017,1,0.0014069366192496283,2.785669204463393,4.229450948149312,0.016415873913328903,nan,0,1,1,0.04660595769662556,4.533607858971834e-13,1.6155059930784023e-09,-0.8443965884910879,-1.9369064144399482,-1.7745660778069798,-1.046922915007196,1.573550279797655,-2.053734359030275,0.24799259238724392,-0.6523970594054549,-0.01651255583609751,-3.0612164203881886,0.5578513205784795,0.055734442916519154,0.49200520026049693,-0.6676252740994395,-0.016556854953102364,0.49209785529716704,-0.6676339780190522,-0.016557135665989285,-0.8944271909999048,0.4472135954999803,0.0,-0.9940140659916772,0.10925124224434168,0.0004501985803274074,-0.8443965884910879,-1.9369064144399482,-1.7745660778069798,-1.046922915007196,1.573550279797655,-2.053734359030275,0.0335841260866711,0.0,0.0,0.0,0.0,0.0,0.0,0.0
17,0.004250000000000002,0.0338169981996636,9.319293531569769e-05,0.0931929353156977,0.34994426945857976,20.050329704765453,1,0.0014068070646843023,2.789903054879219,4.2295815183049985,0.016183001800336404,nan,0,1,1,0.04649450801311814,4.573141783828499e-13,1.621307529790842e-09,-0.8438605037093985,-1.9364597254416174,-1.7752151546751493,-1.0476195375329236,1.574080560510973,-2.053603788874588,0.2480447688812453,-0.6515320297632328,-0.01650631897446131,-3.0603719557572133,0.5570774794393608,0.05632864559153834,0.49178159346274697,-0.6675134707005645,-0.016556854953102364,0.4918743448742745,-0.6675225274669507,-0.016557126679125244,-0.8944271909999048,0.4472135954999803,0.0,-0.9935426062600328,0.11345875734484763,0.00044713284895953406,-0.8438605037093985,-1.9364597254416174,-1.7752151546751493,-1.0476195375329236,1.574080560510973,-2.053603788874588,0.0338169981996636,0.0,0.0,0.0,0.0,0.0,0.0,0.0
18,0.004500000000000002,0.034050191309165444,9.332657781230714e-05,0.09332657781230713,0.3457742796092586,19.81140688578696,1,0.001406673422187693,2.7940730447285405,4.229709420988007,0.01594980869083456,nan,0,1,1,0.04638301588077122,4.612880082397884e-13,1.627164450705711e-09,-0.8433356300722633,-1.9360266475017511,-1.7758452267544855,-1.0482960140559752,1.5745987404920347,-2.0534758861915794,0.24809857934525822,-0.6506898589895044,-0.016500422824255567,-3.059549954486399,0.5563218404072212,0.05690383338882005,0.49155798666499695,-0.6674016673016895,-0.016556854953102364,0.4916508415882549,-0.6674110345466203,-0.01655711586558458,-0.8944271909999048,0.4472135954999803,0.0,-0.9930608488255557,0.1176008215586506,0.0004441830674257986,-0.8433356300722633,-1.9360266475017511,-1.7758452267544855,-1.0482960140559752,1.5745987404920347,-2.0534758861915794,0.034050191309165444,0.0,0.0,0.0,0.0,0.0,0.0,0.0
19,0.0047500000000000025,0.03428370140705413,9.346145839545186e-05,0.09346145839545186,0.34166928280714887,19.57620789411137,1,0.0014065385416045482,2.79817804153065,4.229835272126982,0.01571629859294587,nan,0,1,1,0.04627153201000216,4.652820214290046e-13,1.6330747952815235e-09,-0.8428226073523117,-1.9356070078884122,-1.7764567529489894,-1.0489521934476704,1.5751055953977493,-2.0533500350526044,0.2481538091867487,-0.6498701769894561,-0.01649504818719777,-3.058749402956347,0.5555861477836623,0.05745937884130322,0.491334379867247,-0.6672898639028145,-0.016556854953102364,0.49142733769396846,-0.6672995499148973,-0.016557115388427183,-0.8944271909999048,0.4472135954999803,0.0,-0.9925697337239714,0.1216763304242579,0.00044080563918072187,-0.8428226073523117,-1.9356070078884122,-1.7764567529489894,-1.0489521934476704,1.5751055953977493,-2.0533500350526044,0.03428370140705413,0.0,0.0,0.0,0.0,0.0,0.0,0.0
20,0.005000000000000003,0.034517529184012914,9.35897985410535e-05,0.0935897985410535,0.33762714829116386,19.344610646121275,1,0.0014064102014589466,2.802220176046635,4.229957884506252,0.015482470815987089,nan,0,1,1,0.046160034216739886,4.692965530623574e-13,1.6390403961169672e-09,-0.8423201205588533,-1.935199801369345,-1.7770504983026512,-1.0495897920064743,1.575600466550556,-2.0532274226733342,0.24821028835265607,-0.6490721573050034,-0.016489772697946825,-3.0579705906873045,0.5548664037201666,0.05799768257960432,0.491110773069497,-0.6671780605039395,-0.016556854953102364,0.49120382774343224,-0.6671880514843787,-0.016557096530477503,-0.8944271909999054,0.4472135954999789,0.0,-0.9920697953086539,0.12568742636734773,0.0004382800454475392,-0.8423201205588533,-1.935199801369345,-1.7770504983026512,-1.0495897920064743,1.575600466550556,-2.0532274226733342,0.034517529184012914,0.0,0.0,0.0,0.0,0.0,0.0,0.0
21,0.005250000000000003,0.03475166836505817,9.371128872574828e-05,0.09371128872574827,0.3336482460281833,19.116636339357438,1,0.0014062887112742518,2.8061990783096156,4.230077738208903,0.015248331634941832,nan,0,1,1,0.04604855632792704,4.733314315798353e-13,1.6450601286948166e-09,-0.8418288243012239,-1.9348047140486524,-1.7776272119231602,-1.0502084074493165,1.5760844618313559,-2.053107568970683,0.2482678392926596,-0.6482952923861471,-0.01648484482192114,-3.057212342764601,0.5541641528454406,0.058517669306349766,0.49088716627174706,-0.6670662571050645,-0.016556854953102364,0.49098030777296764,-0.667076573016106,-0.016557074872179146,-0.8944271909999111,0.4472135954999677,0.0,-0.9915618465574725,0.12963377044282814,0.00043590401651150324,-0.8418288243012239,-1.9348047140486524,-1.7776272119231602,-1.0502084074493165,1.5760844618313559,-2.053107568970683,0.03475166836505817,0.0,0.0,0.0,0.0,0.0,0.0,0.0
22,0.005500000000000003,0.034986101539842426,9.383654591174207e-05,0.09383654591174206,0.3297286956851456,18.892062647112322,1,0.0014061634540882579,2.810118628652653,4.230197284945325,0.015013898460157576,nan,0,1,1,0.04593703699850551,4.773870481192348e-13,1.651137960910513e-09,-0.8413483534226673,-1.93442152752478,-1.7781877942268718,-1.0508091760076292,1.5765583493579367,-2.0529880222342616,0.24832638201933052,-0.6475379938671586,-0.016480525406170565,-3.056472415802474,0.5534822483091629,0.059020845165422296,0.49066355947399704,-0.6669544537061896,-0.016556854953102364,0.4907567951997129,-0.6669650530641772,-0.016557079472892023,-0.8944271909999152,0.44721359549995954,0.0,-0.9910461267864321,0.13351924058169795,0.0004324073286269881,-0.8413483534226673,-1.93442152752478,-1.7781877942268718,-1.0508091760076292,1.5765583493579367,-2.0529880222342616,0.034986101539842426,0.0,0.0,0.0,0.0,0.0,0.0,0.0
23,0.005750000000000003,0.03522082756642352,9.396044022943632e-05,0.09396044022943632,0.32587000682755823,18.67097606111841,1,0.0014060395597705637,2.8139773175102407,4.230312338544156,0.01477917243357648,nan,0,1,1,0.045825534364668324,4.814631184809487e-13,1.6572714752022403e-09,-0.8408771974923599,-1.9340499176158112,-1.7787318511009158,-1.051394151961291,1.5770203647640726,-2.0528729686354303,0.24838570007992627,-0.6468006449888463,-0.016476244567000642,-3.05575286213934,0.5528119445118141,0.05951043998354904,0.49043995267624707,-0.6668426503073146,-0.016556854953102364,0.4905332785369759,-0.6668535498889815,-0.016557072132324945,-0.8944271909999095,0.44721359549997075,0.0,-0.9905235420790828,0.1373423756321637,0.0004294680678031172,-0.8408771974923599,-1.9340499176158112,-1.7787318511009158,-1.051394151961291,1.5770203647640726,-2.0528729686354303,0.03522082756642352,0.0,0.0,0.0,0.0,0.0,0.0,0.0
24,0.006000000000000004,0.03545584411160746,9.407897596610955e-05,0.09407897596610955,0.32207019271911136,18.453262749770136,1,0.0014059210240338904,2.8177771316186875,4.230427036052971,0.014544155888392543,nan,0,1,1,0.04571402710866412,4.855599356541019e-13,1.6634624986031566e-09,-0.8404168310634904,-1.9336889211134851,-1.7792609500801913,-1.0519620358820043,1.5774730383193807,-2.0527582711266152,0.24844572642248133,-0.6460818696825398,-0.016472308685449133,-3.055050687826964,0.5521615853681745,0.059983200565546305,0.4902163458784971,-0.6667308469084395,-0.016556854953102364,0.49030975614088124,-0.6667420421316376,-0.016557063705841046,-0.8944271909999081,0.44721359549997364,0.0,-0.9899945182080029,0.1411051803559282,0.0004266085152382272,-0.8404168310634904,-1.9336889211134851,-1.7792609500801913,-1.0519620358820043,1.5774730383193807,-2.0527582711266152,0.03545584411160746,0.0,0.0,0.0,0.0,0.0,0.0,0.0
25,0.006250000000000004,0.035691144346725934,9.419287213166034e-05,0.09419287213166035,0.31832823290989826,18.238864245594648,1,0.0014058071278683396,2.8215190914279007,4.230540194249924,0.014308855653274069,nan,0,1,1,0.045602515715459375,4.896775805576506e-13,1.6697117435442447e-09,-0.8399666803052342,-1.9333381888871704,-1.7797756257505273,-1.0525136483977093,1.5779164101938266,-2.0526451129296626,0.24850633931180566,-0.6453811533725321,-0.016468709730568742,-3.0543657165441838,0.551528313339603,0.06044026655258341,0.48999273908074714,-0.6666190435095646,-0.016556854953102364,0.4900862287094548,-0.6666305302639982,-0.016557057331707186,-0.8944271909999306,0.4472135954999287,0.0,-0.9894595797263434,0.14480870337234694,0.0004236925629336771,-0.8399666803052342,-1.9333381888871704,-1.7797756257505273,-1.0525136483977093,1.5779164101938266,-2.0526451129296626,0.035691144346725934,0.0,0.0,0.0,0.0,0.0,0.0,0.0
26,0.006500000000000004,0.03592671721043354,9.430721804163106e-05,0.09430721804163106,0.3146431508738914,18.027724597771975,1,0.001405692781958369,2.8252041734639075,4.230651073012705,0.01407328278956646,nan,0,1,1,0.04549100173233058,4.938160561625795e-13,1.6760198234898514e-09,-0.8395259355063167,-1.932997503678083,-1.7802761146705433,-1.0530502719789745,1.5783500544330011,-2.052534234166881,0.24856742598574755,-0.6446979941705708,-0.0164653360146243,-3.0536978960935746,0.5509096096976905,0.060883605769622526,0.4897691322829971,-0.6665072401106895,-0.016556854953102364,0.4898627012166899,-0.6665190158376014,-0.016557050600858117,-0.8944271909999495,0.4472135954998909,0.0,-0.9889192318873924,0.14845395148109775,0.00042082406974896814,-0.8395259355063167,-1.932997503678083,-1.7802761146705433,-1.0530502719789745,1.5783500544330011,-2.052534234166881,0.03592671721043354,0.0,0.0,0.0,0.0,0.0,0.0,0.0
27,0.006750000000000004,0.03616255134984581,9.442755499536884e-05,0.09442755499536884,0.3110140697301129,17.81979356472296,1,0.0014055724450046311,2.828833254607686,4.23075444285857,0.01383744865015419,nan,0,1,1,0.045379488811586835,4.979753482781996e-13,1.6823872424380087e-09,-0.8390914848765696,-1.9326674061277618,-1.7807616759873985,-1.0535755578631125,1.578770832760822,-2.052430864321016,0.24862882660167038,-0.6440324961350418,-0.016461847644909156,-3.0530497286415237,0.550292620809224,0.06132035050621963,0.48954552548524716,-0.6663954367118147,-0.016556854953102364,0.4896391788023913,-0.6664075024976217,-0.016557045066662727,-0.8944271909999495,0.4472135954998909,0.0,-0.9883739707487046,0.15204183396815485,0.0004179354484355213,-0.8390914848765696,-1.9326674061277618,-1.7807616759873985,-1.0535755578631125,1.578770832760822,-2.052430864321016,0.03616255134984581,0.0,0.0,0.0,0.0,0.0,0.0,0.0
28,0.0070000000000000045,0.036398654670885155,9.454028600028911e-05,0.09454028600028912,0.30743978954159357,17.61500239512358,1,0.0014054597139997109,2.8324075347962054,4.230856268605106,0.013601345329114847,nan,0,1,1,0.0452679699002298,5.021558020544076e-13,1.6888151730925985e-09,-0.8386661709622171,-1.9323465102884152,-1.7812342062202526,-1.0540867022363218,1.579182686995039,-2.05232903857448,0.24869052570171912,-0.6433832897609214,-0.016458583225452517,-3.052417272613812,0.5496906168604442,0.06174396906974131,0.48932191868749714,-0.6662836333129397,-0.016556854953102364,0.4894156486838326,-0.6662959831931276,-0.01655703913594627,-0.8944271909999456,0.4472135954998987,0.0,-0.9878242195463532,0.15557358057857743,0.00041509468674174124,-0.8386661709622171,-1.9323465102884152,-1.7812342062202526,-1.0540867022363218,1.579182686995039,-2.05232903857448,0.036398654670885155,0.0,0.0,0.0,0.0,0.0,0.0,0.0
29,0.007250000000000005,0.0366349998546671,9.466718418408058e-05,0.09466718418408057,0.30391974484051715,17.41331869005451,1,0.0014053328158159194,2.8359275794972816,4.2309575710126355,0.0133650001453329,nan,0,1,1,0.04515645664810482,5.063571156198819e-13,1.6953036601856165e-09,-0.838252258245949,-1.9320339254477437,-1.7816949389928811,-1.0545820025823398,1.5795894006491589,-2.0522277361669508,0.2487524674721192,-0.6427495992885714,-0.01645586971004187,-3.051797564074247,0.5491083404935084,0.06214909680351729,0.4890983118897472,-0.6661718299140647,-0.016556854953102364,0.48919213130711836,-0.6661844695707819,-0.016557033176397534,-0.8944271909999231,0.44721359549994366,0.0,-0.9872704760033226,0.15904979481183784,0.0004122893221439107,-0.838252258245949,-1.9320339254477437,-1.7816949389928811,-1.0545820025823398,1.5795894006491589,-2.0522277361669508,0.0366349998546671,0.0,0.0,0.0,0.0,0.0,0.0,0.0
30,0.007500000000000005,0.03687161116530398,9.477857090274461e-05,0.09477857090274461,0.29537687560663495,16.9238483380209,1,0.0014052214290972555,2.844470448731164,4.231057153656559,0.013128388834696025,nan,0,1,1,0.0450449308992115,5.105799551814299e-13,1.7018545286527823e-09,-0.8378469116595493,-1.931729860394831,-1.7821435519866102,-1.0550643419247498,1.5799876813238733,-2.0521281535230274,0.24881456173976804,-0.6421310978529347,-0.01645333794994236,-3.0511925353526648,0.5485396257689631,0.06254230408147504,0.4888747050919972,-0.6660600265151897,-0.016556854953102364,0.48896859918371083,-0.6660729434763045,-0.016557025713750423,-0.8966854987719414,0.4426681785402184,0.0,-0.9867130602780307,0.16247205582609658,0.00040957588449332615,-0.8378469116595493,-1.931729860394831,-1.7821435519866102,-1.0550643419247498,1.5799876813238733,-2.0521281535230274,0.03687161116530398,0.0,0.0,0.0,0.0,0.0,0.0,0.0
31,0.007750000000000005,0.03710847581697197,9.488197171587736e-05,0.09488197171587737,0.2646257348269164,15.161937756130394,1,0.0014051180282841228,2.8752215895108826,4.231155203971209,0.012891524183028032,nan,0,1,1,0.04493340118708517,5.148242530489142e-13,1.708468049333094e-09,-0.8374500283175405,-1.9314342203985593,-1.7825802404567637,-1.0555343458626045,1.5803778270785234,-2.0520301032083768,0.24887673893243506,-0.6415273226676235,-0.016451012759152284,-3.0506014916891995,0.5479844571622055,0.0629241721409623,0.48865109829424724,-0.6659482231163146,-0.016556854953102364,0.48874505880029917,-0.6659614134318045,-0.016557020592580032,-0.9084497232585107,0.41799413908754185,0.0,-0.9861524228400692,0.16584098843056727,0.00040679605945988,-0.8374500283175405,-1.9314342203985593,-1.7825802404567637,-1.0555343458626045,1.5803778270785234,-2.0520301032083768,0.03710847581697197,0.0,0.0,0.0,0.0,0.0,0.0,0.0
32,0.008000000000000005,0.0373466953383902,9.540906651527745e-05,0.09540906651527745,0.2122928624283778,12.163485037897454,1,0.0014045909334847225,2.927554461909421,4.231245192591389,0.012653304661609806,nan,0,1,1,0.044827283733989656,5.190589134354051e-13,1.714824365309594e-09,-0.8370940229021998,-1.931170935308675,-1.782969597283263,-1.0559525974029789,1.5807257618254498,-2.0519401145881973,0.24893355368636788,-0.6409882844664035,-0.016448989010752924,-3.0500746631621056,0.5474906420085147,0.06326442868092483,0.48842518076095276,-0.6658418198867293,-0.016556854953102364,0.48851963322952824,-0.6658552956949227,-0.016557009053226927,-0.9279062974835941,0.3728134963896662,0.0,-0.985627493679873,0.16893276842804625,0.00040429391300457766,-0.8370940229021998,-1.931170935308675,-1.782969597283263,-1.0559525974029789,1.5807257618254498,-2.0519401145881973,0.0373466953383902,0.0,0.0,0.0,0.0,0.0,0.0,0.0
33,0.008250000000000006,0.03758984255773481,9.739041298899045e-05,0.09739041298899044,0.07124738508742558,4.0821744668528055,1,0.0014026095870110097,3.0685999392503733,4.231302051071001,0.012410157442265195,nan,0,1,1,0.044743101958496186,5.231886497728091e-13,1.7199304169681906e-09,-0.8368807797553077,-1.931013532846278,-1.7832026022215421,-1.0562028069272684,1.5809356193100994,-2.0518832561085847,0.2489682519205779,-0.6406646907507001,-0.01644789806660546,-3.0497573482107208,0.5471994711753911,0.06346679770128782,0.4881899120818828,-0.6657572702051885,-0.016556854953102364,0.48828631351781365,-0.6657711138051687,-0.01655695709133858,-0.9705813175914197,0.2407735573988628,0.0,-0.9852586335670562,0.17107092755913256,0.0004033926566821334,-0.8368807797553077,-1.931013532846278,-1.7832026022215421,-1.0562028069272684,1.5809356193100994,-2.0518832561085847,0.03758984255773481,0.0,0.0,0.0,0.0,0.0,0.0,0.0
34,0.008500000000000006,0.03783444696364721,9.798412690331333e-05,0.09798412690331333,0.31444267058450115,18.016237923314353,1,0.0014020158730966867,2.8254046537532975,4.231286511297849,0.012165553036352791,nan,0,1,1,0.044710443812031896,5.268961417022624e-13,1.7219689292969207e-09,-0.8369743053523788,-1.9310807869817401,-1.78310406092997,-1.0560948688451428,1.5808500536479693,-2.0518987958817365,0.24895361479844533,-0.6408006882607146,-0.016449101821142287,-3.049886862941711,0.5473405277872637,0.06337655417494001,0.4879472512312891,-0.6657246904268522,-0.016556854953102364,0.48804426362129083,-0.6657384557911882,-0.016556862427075207,-0.9898695441878604,-0.14197987705769138,0.0,-0.9852475766926463,0.1711345937526943,0.000404280062011318,-0.8369743053523788,-1.9310807869817401,-1.78310406092997,-1.0560948688451428,1.5808500536479693,-2.0518987958817365,0.03783444696364721,0.0,0.0,0.0,0.0,0.0,0.0,0.0
35,0.008750000000000006,0.038043423069332845,8.371846994829117e-05,0.08371846994829117,0.9226294542960173,52.86277378562007,1,0.0014162815300517088,2.2172178700417815,4.23112383209535,0.011956576930667158,nan,0,1,1,0.04479019816096032,5.291204592467992e-13,1.7172985500702562e-09,-0.8377717152654041,-1.9315363335219546,-1.7824333949556537,-1.0553767543273251,1.5801428900557841,-2.052061475084236,0.2486992518100548,-0.6418089392625026,-0.016446183568703088,-3.0508221669774898,0.5484694469178706,0.06289351536056133,0.48773932824273686,-0.6658070615162028,-0.016556854953102364,0.4878223008356759,-0.6658182107703347,-0.016556696322214553,-0.7283112300708798,-0.6852464900695528,0.0,-0.98597331572143,0.16690252838833503,0.0004082926284555361,-0.8377717152654041,-1.9315363335219546,-1.7824333949556537,-1.0553767543273251,1.5801428900557841,-2.052061475084236,0.038043423069332845,0.0,0.0,0.0,0.0,0.0,0.0,0.0
36,0.009000000000000006,0.038160751905359586,4.703415242617962e-05,0.04703415242617962,1.4647210369914176,83.92233358363356,1,0.0014529658475738204,1.6751262873463812,4.23079534892314,0.011839248094640417,nan,0,1,1,0.045005796940824766,5.288561600147273e-13,1.7045702735538353e-09,-0.8395663423412598,-1.932275026867713,-1.7813506507810861,-1.0542149579261122,1.578662871416572,-2.052389958256446,0.24783966690232356,-0.6436787940826549,-0.016418618544536356,-3.0524575374374248,0.5509995832160449,0.062426537235842454,0.4876282886387467,-0.6660284017603847,-0.016556854953102364,0.487675009757504,-0.6660338106105431,-0.01655655016386668,-0.2615435473338835,-0.9651916767399151,0.0,-0.9874578403606008,0.15788237128365373,0.0004127326359056617,-0.8395663423412598,-1.932275026867713,-1.7813506507810861,-1.0542149579261122,1.578662871416572,-2.052389958256446,0.038160751905359586,0.0,0.0,0.0,0.0,0.0,0.0,0.0
37,0.009250000000000006,0.03819272301446689,1.2866770886342653e-05,0.012866770886342653,1.590926693171551,91.15338503343436,1,0.0014871332291136574,1.5489206311662478,4.2304439124043665,0.011807276985533112,nan,0,1,1,0.04524948218058985,5.271681700368053e-13,1.6904005738452681e-09,-0.8415020378203143,-1.9330296197927368,-1.7802506354955794,-1.0530309543839416,1.5770874198232672,-2.0527413947752198,0.24686256685327007,-0.6456306761979438,-0.016386293709939603,-3.0541427179878995,0.5537274716591453,0.06202474187585119,0.4875990783268548,-0.6662766894114655,-0.016556854953102364,0.4876119157153539,-0.6662774967852336,-0.01655653339880986,-0.12826217070975474,-0.991740296430886,0.0,-0.9889574861864641,0.14819891989278497,0.00041310817197955964,-0.8415020378203143,-1.9330296197927368,-1.7802506354955794,-1.0530309543839416,1.5770874198232672,-2.0527413947752198,0.03819272301446689,0.0,0.0,0.0,0.0,0.0,0.0,0.0
38,0.009500000000000007,0.0381923919196526,8.409751028800299e-07,0.0008409751028800299,1.668080920739004,95.57399664464133,1,0.00149915902489712,1.471766403598795,4.2300923932454815,0.0118076080803474,nan,0,1,1,0.045496950375750245,5.250213410101768e-13,1.6762765103414617e-09,-0.8434311123197923,-1.9337924503618746,-1.7791425297432881,-1.0518375420601023,1.5755148812799418,-2.053092913934105,0.24589000993238755,-0.6475849767642095,-0.016354332645713676,-3.0558308636528184,0.5564525513952341,0.061616189777689546,0.4875829090245046,-0.6665257415445783,-0.016556854953102364,0.4875828905413924,-0.6665249660216697,-0.016556530204405125,-0.04165638542565683,-0.9991319960612157,0.0,-0.9903614643073878,0.13850631446837824,0.00041336099651674855,-0.8434311123197923,-1.9337924503618746,-1.7791425297432881,-1.0518375420601023,1.5755148812799418,-2.053092913934105,0.0381923919196526,0.0,0.0,0.0,0.0,0.0,0.0,0.0
39,0.009750000000000007,0.03817267941985705,7.903120797161013e-06,0.007903120797161014,1.6851188512589694,96.55019815507248,1,0.001492096879202839,1.4547284730788295,4.229741285251041,0.01182732058014295,nan,0,1,1,0.04574611378178852,5.226178035094369e-13,1.6623262492677748e-09,-0.8453490481206701,-1.9345746380457387,-1.77800950570105,-1.0506180658739384,1.573947133057476,-2.0534440219285455,0.2449378588724994,-0.6495537467310688,-0.016323699332458252,-3.0575358526172147,0.5591710339270453,0.06117202184274035,0.4875829090245046,-0.6667757415445783,-0.016556854953102364,0.48757517953943275,-0.666774130693402,-0.016556509211368402,-0.014843243022178777,-0.9998898329999083,0.0,-0.9916695369824795,0.12880744371321984,0.0004145660628907747,-0.8453490481206701,-1.9345746380457387,-1.77800950570105,-1.0506180658739384,1.573947133057476,-2.0534440219285455,0.03817267941985705,0.0,0.0,0.0,0.0,0.0,0.0,0.0
40,0.010000000000000007,0.038148846948738845,9.523042138631343e-06,0.009523042138631343,1.6901484332704435,96.83837197704486,1,0.0014904769578613687,1.4496988910673554,4.229388500831229,0.011851153051261158,nan,0,1,1,0.04599600600217636,5.201782052090318e-13,1.6486065279321237e-09,-0.8472582880681191,-1.9353881761596927,-1.7768350072993437,-1.0493539343408593,1.572376346407094,-2.0537968063483576,0.2440142071078759,-0.6515546285208484,-0.016295381563478817,-3.0592781120315227,0.5618870126962165,0.060671606875084876,0.4875829090245046,-0.6670257415445783,-0.016556854953102364,0.4875735486291154,-0.667024024335608,-0.0165565049201255,0.0,-1.0,0.0,-0.992885901438329,0.11906894792217246,0.000415169488291907,-0.8472582880681191,-1.9353881761596927,-1.7768350072993437,-1.0493539343408593,1.572376346407094,-2.0537968063483576,0.038148846948738845,0.0,0.0,0.0,0.0,0.0,0.0,0.0
41,0.010250000000000007,0.038125309120005654,9.433286437351024e-06,0.009433286437351024,1.680309676518082,96.27465273947871,1,0.001490566713562649,1.4595376478197168,4.229034475394755,0.011874690879994348,nan,0,1,1,0.046246079204275294,5.177677391813729e-13,1.6351431106806503e-09,-0.8491565653542081,-1.9362369630692642,-1.7756131793317302,-1.048041299647384,1.570807399989877,-2.054150831784831,0.24312571816383297,-0.6535897743318786,-0.016269851195129303,-3.0610582198458474,0.5645981486205335,0.060103229804043506,0.4875829090245046,-0.6672757415445784,-0.016556854953102364,0.48757362665393317,-0.6672740992282005,-0.01655649818076724,0.0,-1.0,0.0,-0.9940093169003021,0.1092945788467408,0.00041587270716550575,-0.8491565653542081,-1.9362369630692642,-1.7756131793317302,-1.048041299647384,1.570807399989877,-2.054150831784831,0.038125309120005654,0.0,0.0,0.0,0.0,0.0,0.0,0.0
42,0.010500000000000008,0.03810326071325983,8.821748189155846e-06,0.008821748189155846,1.6704493239595948,95.70969615336637,1,0.0014911782518108442,1.4693980003782041,4.228679062042971,0.01189673928674017,nan,0,1,1,0.046496159584157266,5.154035711844032e-13,1.6219389391073486e-09,-0.8510352142006777,-1.9371222401518384,-1.7743418152699424,-1.0466755845888995,1.5692404273853602,-2.054506245136615,0.24228028878055088,-0.6556599199009587,-0.016247101804669484,-3.0628823134979406,0.5672918997174725,0.059460194421489775,0.4875829090245046,-0.6675257415445783,-0.016556854953102364,0.48757423547203765,-0.6675241817891775,-0.016556455088367714,0.0,-1.0,0.0,-0.995038660050205,0.09948814137674958,0.0004180082446338059,-0.8510352142006777,-1.9371222401518384,-1.7743418152699424,-1.0466755845888995,1.5692404273853602,-2.054506245136615,0.03810326071325983,0.0,0.0,0.0,0.0,0.0,0.0,0.0
43,0.010750000000000008,0.038083110738335924,8.08144730150899e-06,0.00808144730150899,1.6605670974914668,95.14348628455016,1,0.001491918552698491,1.479280226846332,4.228321344216644,0.01191688926166408,nan,0,1,1,0.04674627526373475,5.13090118449408e-13,1.6089850121356808e-09,-0.8529007924400249,-1.9380407419460295,-1.7730274087227575,-1.0452630039986641,1.567672394536765,-2.054863962962942,0.24146761228446137,-0.6577624991160609,-0.016227171942472418,-3.064745119602416,0.5699763722598463,0.058756713590664846,0.4875829090245046,-0.6677757415445783,-0.016556854953102364,0.4875749674174936,-0.6677742999480824,-0.01655645187976722,0.0,-1.0,0.0,-0.9959732217002535,0.08965024528739074,0.0004185402352182645,-0.8529007924400249,-1.9380407419460295,-1.7730274087227575,-1.0452630039986641,1.567672394536765,-2.054863962962942,0.038083110738335924,0.0,0.0,0.0,0.0,0.0,0.0,0.0
44,0.011000000000000008,0.038064944676525374,7.2999387283104216e-06,0.007299938728310421,1.6506658516351176,94.57618668505995,1,0.0014927000612716896,1.4891814727026813,4.227966260805039,0.011935055323474629,nan,0,1,1,0.04699637396932703,5.108281922578729e-13,1.5962774516446824e-09,-0.8547441287971157,-1.9389933061335667,-1.7716680887376233,-1.0437997612103818,1.5661027125921017,-2.055219046374547,0.24069568392303595,-0.6598971607713516,-0.016209817148096606,-3.0666516748795876,0.5726460438982106,0.05798772209351953,0.4875829090245046,-0.6680257415445783,-0.016556854953102364,0.48757574507746465,-0.6680244017965621,-0.016556440171835468,0.0,-1.0,0.0,-0.9968120364757344,0.07978463542741934,0.0004193886180877698,-0.8547441287971157,-1.9389933061335667,-1.7716680887376233,-1.0437997612103818,1.5661027125921017,-2.055219046374547,0.038064944676525374,0.0,0.0,0.0,0.0,0.0,0.0,0.0
45,0.011250000000000008,0.0380488017747095,6.515093779244012e-06,0.006515093779244012,1.6407473694720647,94.00789951794124,1,0.001493484906220756,1.4990999548657342,4.227609714827719,0.011951198225290505,nan,0,1,1,0.04724644360879658,5.086176014394644e-13,1.5838101815108097e-09,-0.8565643243238635,-1.9399821146607126,-1.770260633647163,-1.042286044137493,1.5645408615794947,-2.0555755923518673,0.23996932106495494,-0.6620630757104877,-0.016195697353179994,-3.068596784719259,0.575292571644071,0.057142717020304254,0.4875829090245046,-0.6682757415445784,-0.016556854953102364,0.48757653334276907,-0.6682744755621151,-0.016556414024806034,0.0,-1.0,0.0,-0.9975543345230371,0.0698940098273714,0.0004207903896023361,-0.8565643243238635,-1.9399821146607126,-1.770260633647163,-1.042286044137493,1.5645408615794947,-2.0555755923518673,0.0380488017747095,0.0,0.0,0.0,0.0,0.0,0.0,0.0
46,0.011500000000000008,0.038034684057222545,5.7215063930444514e-06,0.0057215063930444515,1.6308121749951645,93.43865480577317,1,0.0014942784936069556,1.5090351493426344,4.227253661232708,0.011965315942777457,nan,0,1,1,0.04749651185511519,5.064573272554363e-13,1.5715752123768843e-09,-0.8583582085898163,-1.9410070115320524,-1.7688059831592051,-1.040721990072872,1.5629865567233423,-2.0559316459468784,0.23929007464087307,-0.6642589039894767,-0.01618499046203553,-3.070580638865004,0.5779142380614158,0.05622301383045599,0.4875829090245046,-0.6685257415445783,-0.016556854953102364,0.4875773318031543,-0.6685245492347998,-0.01655639818750835,0.0,-1.0,0.0,-0.9981995003878822,0.05997982615397796,0.00042175813098693424,-0.8583582085898163,-1.9410070115320524,-1.7688059831592051,-1.040721990072872,1.5629865567233423,-2.0559316459468784,0.038034684057222545,0.0,0.0,0.0,0.0,0.0,0.0,0.0
47,0.011750000000000009,0.03802260266598987,4.930889758104216e-06,0.0049308897581042165,1.6208623321922144,92.86857080634552,1,0.0014950691102418958,1.5189849921455845,4.22689916311884,0.011977397334010133,nan,0,1,1,0.04774656593852222,5.043468162124406e-13,1.5595668028300773e-09,-0.8601227530445797,-1.9420679524950897,-1.7673041135195764,-1.0391082419999498,1.5614424773143312,-2.0562861440607465,0.23866073031987506,-0.6664829388856289,-0.016177744507480718,-3.0726015908823947,0.5805078578338682,0.0552265276516117,0.4875829090245046,-0.6687757415445783,-0.016556854953102364,0.48757813310160514,-0.6687746109327968,-0.01655637960978992,0.0,-1.0,0.0,-0.9987468698277783,0.05004509206951661,0.00042281079530469826,-0.8601227530445797,-1.9420679524950897,-1.7673041135195764,-1.0391082419999498,1.5614424773143312,-2.0562861440607465,0.03802260266598987,0.0,0.0,0.0,0.0,0.0,0.0,0.0
48,0.012000000000000009,0.03801255965010683,4.145272012099583e-06,0.004145272012099583,1.6108995827280523,92.2977473097028,1,0.0014958547279879005,1.5289477416097466,4.226545207222896,0.011987440349893172,nan,0,1,1,0.04799660193240254,5.022853396284235e-13,1.5477789378552152e-09,-0.8618541091322522,-1.943164626784551,-1.7657557828732762,-1.037444916104673,1.5599105541039067,-2.05664009995669,0.23808407155232386,-0.6687335987018287,-0.01617414700102937,-3.074659392606953,0.5830658364028424,0.05415182841968706,0.4875829090245046,-0.6690257415445783,-0.016556854953102364,0.48757893791263396,-0.6690246582948012,-0.016556364932198968,0.0,-1.0,0.0,-0.9991958823727075,0.040092507312694536,0.00042368243772656174,-0.8618541091322522,-1.943164626784551,-1.7657557828732762,-1.037444916104673,1.5599105541039067,-2.05664009995669,0.03801255965010683,0.0,0.0,0.0,0.0,0.0,0.0,0.0
49,0.01225000000000001,0.03800455769448521,3.3716764111398366e-06,0.0033716764111398367,1.6009257255354872,91.72628738710262,1,0.0014966283235888602,1.5389215988023117,4.226194346231478,0.011995442305514796,nan,0,1,1,0.048246613136912135,5.002722009440511e-13,1.5362058561465353e-09,-0.863548865215643,-1.944296774078352,-1.7641614685962101,-1.0357327720404983,1.558392847560739,-2.0569909609481085,0.23756284499464464,-0.6710087546770843,-0.016174280655645967,-3.0767523313911793,0.5855866311795319,0.05299783495526529,0.4875829090245046,-0.6692757415445784,-0.016556854953102364,0.4875797458374986,-0.6692746883925106,-0.016556351643546838,0.0,-1.0,0.0,-0.9995460538716989,0.030124840466536247,0.00042447188426394516,-0.863548865215643,-1.944296774078352,-1.7641614685962101,-1.0357327720404983,1.558392847560739,-2.0569909609481085,0.03800455769448521,0.0,0.0,0.0,0.0,0.0,0.0,0.0
50,0.01250000000000001,0.03799860623108615,2.6246058699817593e-06,0.0026246058699817593,1.590941685509285,91.15424403111156,1,0.0014973753941300183,1.5489056388285138,4.225844133842163,0.012001393768913855,nan,0,1,1,0.0484966078691275,4.983066969441392e-13,1.5248412867594429e-09,-0.8652040342640563,-1.945464206757967,-1.76252131960092,-1.0339728618992623,1.556893240164432,-2.0573411733374236,0.2370999453441678,-0.6733066721031737,-0.016178279766140058,-3.078878541451005,0.5880613774814771,0.05176160592314569,0.4875829090245046,-0.6695257415445783,-0.016556854953102364,0.48758054887721364,-0.6695247209866856,-0.01655632890906868,0.0,-1.0,0.0,-0.9997969985326093,0.02014399612515843,0.0004256116720937829,-0.8652040342640563,-1.945464206757967,-1.76252131960092,-1.0339728618992623,1.556893240164432,-2.0573411733374236,0.03799860623108615,0.0,0.0,0.0,0.0,0.0,0.0,0.0
51,0.01275000000000001,0.037994698661238176,1.931829260670828e-06,0.0019318292606708282,1.5809503553799864,90.58178298298084,1,0.0014980681707393291,1.5588969689578125,4.22550063158654,0.012005301338761827,nan,0,1,1,0.04874650270586297,4.96388609567818e-13,1.5136831953400256e-09,-0.866815176715307,-1.9466660520296808,-1.760837109710245,-1.0321659470656044,1.555411893950347,-2.0576846755930465,0.23669789424471263,-0.6756243515359274,-0.016186255532186833,-3.081036650439199,0.5904924103706332,0.05044467337866665,0.4875829090245046,-0.6697757415445783,-0.016556854953102364,0.48758135570770017,-0.6697747280085391,-0.01655631466068638,0.0,-1.0,0.0,-0.9999483573884066,0.010153854098660303,0.00042638383011780117,-0.866815176715307,-1.9466660520296808,-1.760837109710245,-1.0321659470656044,1.555411893950347,-2.0576846755930465,0.037994698661238176,0.0,0.0,0.0,0.0,0.0,0.0,0.0
52,0.01300000000000001,0.03799283454108733,1.3710050370666922e-06,0.0013710050370666922,1.570952789200718,90.00896463550603,1,0.0014986289949629333,1.5688945351370809,4.225159858935772,0.012007165458912672,nan,0,1,1,0.048988815456052597,4.945740435232138e-13,1.503060520682841e-09,-0.8683795567126515,-1.947901923726625,-1.7591093390313992,-1.030313722736766,1.5539533822293832,-2.058025448243814,0.23635931778536093,-0.6779597394587238,-0.0161984165502827,-3.0832241201974444,0.5928685830671625,0.04904425308643392,0.4875829090245046,-0.6700257415445783,-0.016556854953102364,0.4875821675247066,-0.6700247280864083,-0.016556304739144816,0.0,-1.0,0.0,-0.9999998966147686,0.00015646240518309325,0.0004269542925576422,-0.8683795567126515,-1.947901923726625,-1.7591093390313992,-1.030313722736766,1.5539533822293832,-2.058025448243814,0.03799283454108733,0.0,0.0,0.0,0.0,0.0,0.0,0.0
53,0.01325000000000001,0.037993020900336606,1.1694338959957152e-06,0.0011694338959957152,1.560950882089418,89.43589757094665,1,0.0014988305661040042,1.5788964422483809,4.2248251247929165,0.012006979099663397,nan,0,1,1,0.048753047882769775,4.963223955854105e-13,1.5134159130167772e-09,-0.8698932978367482,-1.9491706777265376,-1.7573395603597712,-1.0284176032704955,1.5525193427803163,-2.0583601823866693,0.23608675415463992,-0.6803098752138659,-0.016214713647146384,3.083301586762314,-0.5947762413894003,-0.04752752139224012,0.4875829090245046,-0.6702757415445784,-0.016556854953102364,0.48758297808723666,-0.6702747197823604,-0.016556290322297218,0.0,-1.0,0.0,-0.9999514425434688,-0.00984528564852616,0.000427674800282389,-0.8698932978367482,-1.9491706777265376,-1.7573395603597712,-1.0284176032704955,1.5525193427803163,-2.0583601823866693,0.037993020900336606,0.0,0.0,0.0,0.0,0.0,0.0,0.0
54,0.01350000000000001,0.03799526849893143,1.4848362419137718e-06,0.0014848362419137718,1.550947185764166,88.86272799197918,1,0.0014985151637580863,1.588900138573633,4.2244941388313775,0.012004731501068573,nan,0,1,1,0.04850319759024035,4.982163872757978e-13,1.5245596017572286e-09,-0.87135295213382,-1.9504712793980612,-1.7555292742613535,-1.0264797151490535,1.5511135068795459,-2.0586911683482088,0.2358826836465492,-0.6826718806470597,-0.01623530333599149,3.0804310693935073,-0.596040194245744,-0.0458842753732268,0.4875829090245046,-0.6705257415445783,-0.016556854953102364,0.4875837767025519,-0.67052468658231,-0.01655627277779891,0.0,-1.0,0.0,-0.9998029204480074,-0.019847837667854855,0.00042848984335866366,-0.87135295213382,-1.9504712793980612,-1.7555292742613535,-1.0264797151490535,1.5511135068795459,-2.0586911683482088,0.03799526849893143,0.0,0.0,0.0,0.0,0.0,0.0,0.0
55,0.01375000000000001,0.03799956221025465,2.0758802612007237e-06,0.002075880261200724,1.5409424553131124,88.2894991619678,1,0.0014979241197387993,1.5989048690246865,4.224168914739068,0.012000437789745355,nan,0,1,1,0.04825326540867157,5.001565219221139e-13,1.535903665527359e-09,-0.8727553298452643,-1.9518026952377168,-1.7536802625130006,-1.0245018230886032,1.5497377413706488,-2.059016392440518,0.23574905104389296,-0.6850427913080686,-0.016260343465907157,3.077565278961073,-0.5972264884900841,-0.044162578017443166,0.4875829090245046,-0.6707757415445783,-0.016556854953102364,0.4875845786982051,-0.6707746574470589,-0.016556266564488425,0.0,-1.0,0.0,-0.9995543142902302,-0.02984943711744625,0.00042882112753499745,-0.8727553298452643,-1.9518026952377168,-1.7536802625130006,-1.0245018230886032,1.5497377413706488,-2.059016392440518,0.03799956221025465,0.0,0.0,0.0,0.0,0.0,0.0,0.0
56,0.01400000000000001,0.038005897858969025,2.7937687296026697e-06,0.00279376872960267,1.530939965821673,87.71639872948435,1,0.0014972062312703974,1.608907358516126,4.223850001825262,0.011994102141030978,nan,0,1,1,0.04800334277287452,5.021428115878256e-13,1.5474497329094892e-09,-0.8740969042506963,-1.9531630961212116,-1.7517947615141987,-1.0224866034482407,1.548394897133381,-2.059335305354324,0.23568794254312092,-0.6874190098305062,-0.01628972123223199,3.074709059552292,-0.5983314425210156,-0.04236325500177975,0.4875829090245046,-0.6710257415445783,-0.016556854953102364,0.4875853869428761,-0.6710245993007238,-0.01655625466714108,0.0,-1.0,0.0,-0.9992057481387183,-0.03984580964371887,0.0004293487870597395,-0.8740969042506963,-1.9531630961212116,-1.7517947615141987,-1.0224866034482407,1.548394897133381,-2.059335305354324,0.038005897858969025,0.0,0.0,0.0,0.0,0.0,0.0,0.0
57,0.014250000000000011,0.0380143198714717,3.507402512729848e-06,0.003507402512729848,1.5209400843853027,87.14344772754913,1,0.0014964925974872703,1.6189072399524962,4.223541535517886,0.011985680128528305,nan,0,1,1,0.04775340090008894,5.041768274371904e-13,1.5592049940654592e-09,-0.8753760271240518,-1.9545510631193317,-1.7498754787275235,-1.0204365077097564,1.5470855005207438,-2.0596437716617,0.23569939858203146,-0.6897972494653465,-0.016323644951745875,3.071864221731387,-0.5993594438325905,-0.0404901158541707,0.4875829090245046,-0.6712757415445784,-0.016556854953102364,0.48758615715158116,-0.6712745529452978,-0.01655627290960662,0.0,-1.0,0.0,-0.9987573429796545,-0.049835590823880255,0.0004286390741711569,-0.8753760271240518,-1.9545510631193317,-1.7498754787275235,-1.0204365077097564,1.5470855005207438,-2.0596437716617,0.0380143198714717,0.0,0.0,0.0,0.0,0.0,0.0,0.0
58,0.014500000000000011,0.03802472700961995,4.316634752278415e-06,0.004316634752278415,1.5109466513308814,86.57086619068426,1,0.0014956833652477216,1.6289006730069175,4.2232371344014545,0.011975272990380051,nan,0,1,1,0.047503489452650365,5.062576467100148e-13,1.5711732402201113e-09,-0.8765871394262833,-1.9559642573906109,-1.7479238241229507,-1.0183544230810477,1.5458155738328345,-2.059948172778132,0.23578808913844007,-0.6921739988591846,-0.016361563078209296,3.0690401761588157,-0.6002934211062452,-0.038539433189836554,0.4875829090245046,-0.6715257415445783,-0.016556854953102364,0.48758698739869366,-0.6715244718073838,-0.016556232083119723,0.0,-1.0,0.0,-0.9982094499900089,-0.059813951769506976,0.0004302608034686445,-0.8765871394262833,-1.9559642573906109,-1.7479238241229507,-1.0183544230810477,1.5458155738328345,-2.059948172778132,0.03802472700961995,0.0,0.0,0.0,0.0,0.0,0.0,0.0
59,0.014750000000000011,0.038037200121520766,5.109641001053797e-06,0.005109641001053797,1.5009605844259317,85.99870670309537,1,0.0014948903589989463,1.6388867399118672,4.222939629043359,0.011962799878479237,nan,0,1,1,0.04725358111820318,5.083873546861082e-13,1.5833620006361821e-09,-0.8777291689441699,-1.957401564689249,-1.745943242939365,-1.016243117123536,1.5445853581237774,-2.0602456781362273,0.2359530753971021,-0.6945457585293268,-0.01640421488124455,3.0662396279312225,-0.6011367108419897,-0.03651685956284036,0.4875829090245046,-0.6717757415445783,-0.016556854953102364,0.48758779590061474,-0.6717743856828444,-0.01655623164579283,0.0,-1.0,0.0,-0.9975623826646988,-0.06977899103058235,0.00043023607855931684,-0.8777291689441699,-1.957401564689249,-1.745943242939365,-1.016243117123536,1.5445853581237774,-2.0602456781362273,0.038037200121520766,0.0,0.0,0.0,0.0,0.0,0.0,0.0
60,0.015000000000000012,0.0380517068841741,5.928321943687587e-06,0.005928321943687587,1.5029566959186413,86.11307546706519,1,0.0014940716780563125,1.6368906284191576,4.222654204054402,0.011948293115825903,nan,0,1,1,0.04700371016689,5.105660882604286e-13,1.5957761008369443e-09,-0.8787988079320065,-1.9588603949199332,-1.7439355143749722,-1.0141065029689778,1.543398686254741,-2.0605311031251836,0.23619709166322175,-0.6969078529079081,-0.016450887860026242,3.0634667782433374,-0.6018931569876773,-0.03442196810560136,0.4875829090245046,-0.6720257415445783,-0.016556854953102364,0.48758861047019825,-0.6720242605523088,-0.016556187735021207,0.01197104314142783,-0.9999283444957975,0.0,-0.9968167020848453,-0.07972625598502907,0.00043191585125731117,-0.8787988079320065,-1.9588603949199332,-1.7439355143749722,-1.0141065029689778,1.543398686254741,-2.0605311031251836,0.0380517068841741,0.0,0.0,0.0,0.0,0.0,0.0,0.0
61,0.015250000000000012,0.038068279893676706,6.706968471499e-06,0.006706968471499,1.5198153847319353,87.07900718419135,1,0.001493293031528501,1.6200319396058636,4.222366693872196,0.011931720106323297,nan,0,1,1,0.04675378830948211,5.127958170922906e-13,1.6084265442342537e-09,-0.8797958415923479,-1.9603393148304533,-1.7419048297854602,-1.011948195371905,1.5422545796022018,-2.0608186133073905,0.23651656650264877,-0.6992591874848516,-0.016502281548916142,3.060729275189357,-0.6025413045787628,-0.03226330662955865,0.4875829090245046,-0.6722757415445784,-0.016556854953102364,0.4875894014471034,-0.672274185791355,-0.01655621346515696,0.038786251779657374,-0.9992475302310659,0.0,-0.995972665027257,-0.08965637146873875,0.0004307825006006126,-0.8797958415923479,-1.9603393148304533,-1.7419048297854602,-1.011948195371905,1.5422545796022018,-2.0608186133073905,0.038068279893676706,0.0,0.0,0.0,0.0,0.0,0.0,0.0
62,0.015500000000000012,0.03807755017091904,3.877624770193274e-06,0.0038776247701932743,1.5851086217412127,90.82003409557034,1,0.0014961223752298068,1.5547387025965862,4.222093162283864,0.011922449829080965,nan,0,1,1,0.04650437352768801,5.149457872658323e-13,1.6212893448999293e-09,-0.880723102435403,-1.9618368967704762,-1.7398512200020266,-1.0097644009842393,1.5411499028262723,-2.0610921448957225,0.23691120095033757,-0.7016004678352318,-0.016557343769334987,3.058015741032326,-0.6031091395751959,-0.030037028813053503,0.48759595003404693,-0.6725249770625461,-0.016556854953102364,0.4875995169906953,-0.6725236031162262,-0.016556202982522576,0.11380225170268582,-0.9935034209842453,0.0,-0.9950302906341539,-0.09957175704863931,0.00043118297508416744,-0.880723102435403,-1.9618368967704762,-1.7398512200020266,-1.0097644009842393,1.5411499028262723,-2.0610921448957225,0.03807755017091904,0.0,0.0,0.0,0.0,0.0,0.0,0.0
63,0.01575000000000001,0.0380746165156097,1.7290718162249488e-06,0.0017290718162249487,1.7112270918764783,98.04609015296776,1,0.0014982709281837752,1.4286202324613206,4.221830173809222,0.011925383484390303,nan,0,1,1,0.04625565709644111,5.16946730720654e-13,1.6343579606698678e-09,-0.8815876828756445,-1.9633569399863384,-1.7377703546363767,-1.00755499967746,1.5400818580271025,-2.061355133370365,0.2373769016257838,-0.7039367270673645,-0.016616466712209732,3.0553226456583578,-0.6036018341686027,-0.02774491541762289,0.4876251603459388,-0.6727732647136269,-0.016556854953102364,0.48762385897212485,-0.6727723217196642,-0.016556217083265802,0.24753671936228924,-0.9688785128009368,0.0,-0.9939882108968865,-0.10948630530035681,0.0004307547838710388,-0.8815876828756445,-1.9633569399863384,-1.7377703546363767,-1.00755499967746,1.5400818580271025,-2.061355133370365,0.0380746165156097,0.0,0.0,0.0,0.0,0.0,0.0,0.0
64,0.01600000000000001,0.03801705355405369,2.3125233983623072e-05,0.02312523398362307,2.2004768518124793,126.07803652508935,1,0.001476874766016377,0.9393704725253196,4.221585803960034,0.011982946445946316,nan,0,1,1,0.04602879052750562,5.180401223991661e-13,1.646481664454482e-09,-0.8823743281244435,-1.9648015687338365,-1.7357961051470412,-1.0054604535629612,1.539092271832157,-2.061599503219553,0.23784637524979452,-0.7061370208058091,-0.016673623128360293,3.0527927739543497,-0.6040316241077326,-0.02555866792347061,0.4877260446814527,-0.6729979492144286,-0.016556854953102364,0.4877029612343533,-0.6729991899502739,-0.01655622926039097,0.6806728882178669,-0.7325874823153529,0.0,-0.9929277404383703,-0.11871948629754293,0.00043109302945206927,-0.8823743281244435,-1.9648015687338365,-1.7357961051470412,-1.0054604535629612,1.539092271832157,-2.061599503219553,0.03801705355405369,0.0,0.0,0.0,0.0,0.0,0.0,0.0
65,0.01625000000000001,0.03786968992729468,5.903271140445364e-05,0.059032711404453646,2.805807680046497,160.76093819205713,1,0.0014409672885955464,0.33403964429130184,4.221442143396436,0.012130310072705326,nan,0,1,1,0.045920670553841116,5.169217262231482e-13,1.6522979688819186e-09,-0.8828724156751957,-1.9655999575465701,-1.7347120973904913,-1.0043088688680677,1.5385084687732489,-2.06174316378315,0.2380405116867806,-0.7073740769653766,-0.0167037578345815,3.0513567641148494,-0.6043495305342045,-0.024407157170948893,0.48792052949758485,-0.6731018964276699,-0.016556854953102364,0.48786174696340284,-0.67310731142295,-0.01655646441882848,0.9776344710474754,-0.21031129551149452,0.0,-0.9923351889867609,-0.12357464647683075,0.00042361153911069235,-0.8828724156751957,-1.9655999575465701,-1.7347120973904913,-1.0043088688680677,1.5385084687732489,-2.06174316378315,0.03786968992729468,0.0,0.0,0.0,0.0,0.0,0.0,0.0
66,0.01650000000000001,0.037652381011007756,8.703116408950276e-05,0.08703116408950276,3.037232979915997,174.02063114712897,1,0.0014129688359104972,0.10261434442180173,4.221410363136167,0.012347618988992247,nan,0,1,1,0.04593916330770931,5.137919339649686e-13,1.651237131161005e-09,-0.8830586734542787,-1.9656710696847974,-1.7346238029727652,-1.0042066526610245,1.5383680071400176,-2.0617749440434188,0.237920531692078,-0.7075417794749904,-0.01670199780708309,3.0511302451584386,-0.6045536596946588,-0.024405635896249195,0.4881647158662661,-0.6730800416476774,-0.016556854953102364,0.48807812854092403,-0.6730888196295134,-0.016556779801455004,0.9740504785323068,0.22633087564666088,0.0,-0.992327907851713,-0.1236331369707886,0.00041320866951884686,-0.8830586734542787,-1.9656710696847974,-1.7346238029727652,-1.0042066526610245,1.5383680071400176,-2.0617749440434188,0.037652381011007756,0.0,0.0,0.0,0.0,0.0,0.0,0.0
67,0.01675000000000001,0.03741688663003202,9.426054503313806e-05,0.09426054503313806,2.89578729560023,165.91639040549572,1,0.001405739454966862,0.24406002873756893,4.22144164229211,0.01258311336996798,nan,0,1,1,0.046022917902425235,5.09877937243972e-13,1.6466295585445805e-09,-0.883062245119006,-1.9653423629219444,-1.7350784467487805,-1.0046867152539383,1.5384807436986665,-2.0617436648874765,0.2376403656630372,-0.7071165595948153,-0.016681604714903986,3.0515796242311093,-0.6046817419649937,-0.025027164783461953,0.4883999845453361,-0.6729954919661366,-0.016556854953102364,0.4883062114744883,-0.6730050652180589,-0.016556974875375174,0.9333233338981085,0.35903698194102485,0.0,-0.9926362468821748,-0.12113263146354687,0.0004086201009648303,-0.883062245119006,-1.9653423629219444,-1.7350784467487805,-1.0046867152539383,1.5384807436986665,-2.0617436648874765,0.03741688663003202,0.0,0.0,0.0,0.0,0.0,0.0,0.0
68,0.01700000000000001,0.0371807757927527,9.451339577896497e-05,0.09451339577896498,2.8313300465600837,162.22326207647166,1,0.001405486604221035,0.3085172777777152,4.221496989884185,0.0128192242072473,nan,0,1,1,0.046126528662960804,5.058085780203928e-13,1.6410005689432386e-09,-0.8829886479660127,-1.9648768360950715,-1.7357166963041157,-1.0053659137897322,1.5386895626869204,-2.061688317295401,0.2373202581064338,-0.706483144780332,-0.016654489682864038,3.0522693838713164,-0.6047665340738351,-0.02584987564440979,0.48862715101358184,-0.6728920074868967,-0.016556854953102364,0.48853311103226277,-0.672901454005368,-0.01655701982866282,0.9096696345712075,0.41533258473070217,0.0,-0.9930405702689149,-0.11777205939045236,0.00040966684054247486,-0.8829886479660127,-1.9648768360950715,-1.7357166963041157,-1.0053659137897322,1.5386895626869204,-2.061688317295401,0.0371807757927527,0.0,0.0,0.0,0.0,0.0,0.0,0.0
69,0.017250000000000012,0.03694661459468494,9.370978019150768e-05,0.09370978019150768,2.8001960848752074,160.43941747240623,1,0.0014062902198084923,0.33965123946259146,4.221564096286166,0.01305338540531506,nan,0,1,1,0.046238655894364475,5.017134037719651e-13,1.6349704227254478e-09,-0.8828582887874744,-1.9643449800918849,-1.7364455149688331,-1.0061394267375743,1.5389564562630713,-2.06162121089342,0.23699825392241833,-0.7057407171169586,-0.016625701266379356,3.053089453386205,-0.6048027080295912,-0.026758127175012386,0.4888507578113318,-0.6727802040880216,-0.016556854953102364,0.4887574933461333,-0.6727893262678157,-0.01655707465876317,0.8979772113119789,0.440041961594984,0.0,-0.9934805873251773,-0.11400067662477696,0.00041028906144350424,-0.8828582887874744,-1.9643449800918849,-1.7364455149688331,-1.0061394267375743,1.5389564562630713,-2.06162121089342,0.03694661459468494,0.0,0.0,0.0,0.0,0.0,0.0,0.0
70,0.017500000000000012,0.036713235210789216,9.339166463344145e-05,0.09339166463344145,2.7883375682554203,159.7599745188067,1,0.0014066083353665585,0.35150975608237855,4.221636224984083,0.013286764789210787,nan,0,1,1,0.046350768611055304,4.976459253557931e-13,1.6289979771683661e-09,-0.8827032210231687,-1.9638011080643327,-1.7371896622229666,-1.0069288779646577,1.5392423827422346,-2.061549082195503,0.23668990932990613,-0.7049732514157171,-0.016596637560749916,3.053941249521839,-0.6048137022812953,-0.027671114135295948,0.4890743646090818,-0.6726684006891467,-0.016556854953102364,0.48898138987574696,-0.6726772127998097,-0.016557075611160765,0.8944271909999206,0.4472135954999485,0.0,-0.993912820480313,-0.11016866431104338,0.00041314499829820235,-0.8827032210231687,-1.9638011080643327,-1.7371896622229666,-1.0069288779646577,1.5392423827422346,-2.061549082195503,0.036713235210789216,0.0,0.0,0.0,0.0,0.0,0.0,0.0
71,0.017750000000000012,0.03648029553158229,9.321113006484e-05,0.09321113006484,2.784422238526566,159.53564264994122,1,0.0014067888699351601,0.3554250858112331,4.221712645335593,0.013519704468417715,nan,0,1,1,0.04646286739837645,4.936012728816066e-13,1.623082382405888e-09,-0.8825209671669102,-1.9632467958425304,-1.737947911634246,-1.0077339682325024,1.5395492265703172,-2.0614726618439927,0.23639800537627648,-0.7041803259478414,-0.01656797841618718,3.0548271673650254,-0.6047949182038498,-0.02858711374200891,0.4892979714068318,-0.6725565972902717,-0.016556854953102364,0.48920515036700435,-0.6725651131917352,-0.016557075759764905,0.8944271909999432,0.4472135954999035,0.0,-0.9943365465331253,-0.10627633376007244,0.0004160662154358349,-0.8825209671669102,-1.9632467958425304,-1.737947911634246,-1.0077339682325024,1.5395492265703172,-2.0614726618439927,0.03648029553158229,0.0,0.0,0.0,0.0,0.0,0.0,0.0
72,0.018000000000000013,0.0362477075116753,9.307357022536154e-05,0.09307357022536154,2.780445874222961,159.30781375753818,1,0.0014069264297746386,0.35940145011483793,4.221795316887992,0.0137522924883247,nan,0,1,1,0.04657498931767285,4.895777573213101e-13,1.6172208833671616e-09,-0.8823110929437582,-1.962681932537115,-1.7387208739747162,-1.0085548016917842,1.5398778546979788,-2.061389990291595,0.23612289002730605,-0.7033609226026589,-0.016539983741892306,3.0557477195425844,-0.6047488892754251,-0.029506066318832076,0.48952157820458175,-0.6724447938913968,-0.016556854953102364,0.48942886656569257,-0.6724529904554083,-0.016557095426346972,0.8944271909999495,0.4472135954998909,0.0,-0.9947512770467064,-0.10232165911770413,0.00041819773682733806,-0.8823110929437582,-1.962681932537115,-1.7387208739747162,-1.0085548016917842,1.5398778546979788,-2.061389990291595,0.0362477075116753,0.0,0.0,0.0,0.0,0.0,0.0,0.0
73,0.018250000000000013,0.03601543763515917,9.293895626252791e-05,0.09293895626252792,2.776410463828561,159.07660177333585,1,0.0014070610437374722,0.36343686050923774,4.22188128177384,0.01398456236484083,nan,0,1,1,0.0466870730363008,4.855751952903514e-13,1.6114157998269994e-09,-0.8820731799288026,-1.9621032664893059,-1.7395130185182592,-1.0093862855535491,1.5402258841533714,-2.061304025405746,0.23586346426380078,-0.702515776252689,-0.016512323095975168,3.0566996942063898,-0.6046697422167694,-0.03042577708291869,0.4897451850023318,-0.6723329904925218,-0.016556854953102364,0.4896525840478402,-0.672340905784232,-0.016557101885393378,0.8944271909999495,0.4472135954998909,0.0,-0.9951560851405555,-0.09830660730952964,0.0004209121205842366,-0.8820731799288026,-1.9621032664893059,-1.7395130185182592,-1.0093862855535491,1.5402258841533714,-2.061304025405746,0.03601543763515917,0.0,0.0,0.0,0.0,0.0,0.0,0.0
74,0.018500000000000013,0.03578348994005942,9.280407159139212e-05,0.09280407159139212,2.772312579519993,158.84181029752204,1,0.001407195928408608,0.3675347448178057,4.22197058805558,0.014216510059940582,nan,0,1,1,0.046799187126266864,4.815928905023277e-13,1.605662638302949e-09,-0.8818130759000513,-1.9615145079037335,-1.7403187110862304,-1.01024190797677,1.5405927978364942,-2.061214719124006,0.23561366608012477,-0.7016443876962464,-0.016484548240768282,3.057688012284299,-0.6045675805143346,-0.03136100344053312,0.48996879180008174,-0.6722211870936468,-0.016556854953102364,0.48987630008765004,-0.6722287906493962,-0.016557109463135964,0.8944271909999331,0.44721359549992384,0.0,-0.9955505763258442,-0.09422775882218697,0.00042360904992722964,-0.8818130759000513,-1.9615145079037335,-1.7403187110862304,-1.01024190797677,1.5405927978364942,-2.061214719124006,0.03578348994005942,0.0,0.0,0.0,0.0,0.0,0.0,0.0
75,0.018750000000000013,0.035551871915151405,9.266985739580063e-05,0.09266985739580062,2.7681524126920483,158.60345029621047,1,0.0014073301426041993,0.37169491164575064,4.2220656080268375,0.014448128084848598,nan,0,1,1,0.046911294493773355,4.776310945847468e-13,1.599962848019221e-09,-0.8815226630950849,-1.9609137681510056,-1.741141236801726,-1.0111115449411618,1.5409836130652856,-2.0611196991527487,0.23538265318865126,-0.7007449717423619,-0.016457556906086246,3.058712768595133,-0.6044335171015625,-0.032296170623370916,0.4901923985978317,-0.6721093836947718,-0.016556854953102364,0.4901000169950956,-0.6721166821732777,-0.01655712727123247,0.8944271909999105,0.4472135954999688,0.0,-0.9959339624784375,-0.09008529844444971,0.0004258945560660072,-0.8815226630950849,-1.9609137681510056,-1.741141236801726,-1.0111115449411618,1.5409836130652856,-2.0611196991527487,0.035551871915151405,0.0,0.0,0.0,0.0,0.0,0.0,0.0
76,0.019000000000000013,0.03532058658143421,9.253190536410199e-05,0.092531905364102,2.763928938645042,158.36146305843397,1,0.0014074680946358981,0.3759183856927568,4.222165484836676,0.014679413418565795,nan,0,1,1,0.04702340706367712,4.736895352842432e-13,1.5943148470844997e-09,-0.8812072194453034,-1.9603012995894051,-1.7419796589158383,-1.0120031219063117,1.541393485778406,-2.0610198223429097,0.23516294683567915,-0.6998180342148789,-0.01643039792158446,3.0597733385666013,-0.6042743302982537,-0.033245060205674797,0.4904160053955817,-0.6719975802958968,-0.016556854953102364,0.4903237381543607,-0.6720045683091332,-0.01655713312351907,0.894427190999909,0.4472135954999719,0.0,-0.9963055504573469,-0.0858782063434318,0.00042872265870715824,-0.8812072194453034,-1.9603012995894051,-1.7419796589158383,-1.0120031219063117,1.541393485778406,-2.0610198223429097,0.03532058658143421,0.0,0.0,0.0,0.0,0.0,0.0,0.0
77,0.019250000000000014,0.03508964611574987,9.239536292836733e-05,0.09239536292836734,2.7596404635524134,158.11575153507937,1,0.0014076046370716327,0.38020686078538546,4.222271264459438,0.014910353884250133,nan,0,1,1,0.04713553208331042,4.697681863762504e-13,1.5887178074014692e-09,-0.8808596604928941,-1.9596773470003335,-1.7428345994827885,-1.0129103686727816,1.5418296170310561,-2.0609140427201487,0.23496353427209613,-0.698861468307217,-0.016404311891439816,3.0608736449411613,-0.6040813506668183,-0.034194064410216156,0.4906396121933317,-0.6718857768970218,-0.016556854953102364,0.4905474580693906,-0.6718924419853582,-0.016557166608010775,0.8944271909999146,0.4472135954999607,0.0,-0.9966646737382155,-0.08160479705194312,0.0004303724056812297,-0.8808596604928941,-1.9596773470003335,-1.7428345994827885,-1.0129103686727816,1.5418296170310561,-2.0609140427201487,0.03508964611574987,0.0,0.0,0.0,0.0,0.0,0.0,0.0
78,0.019500000000000014,0.03485903256200698,9.223474112952446e-05,0.09223474112952446,2.7552873708024843,157.86633769267945,1,0.0014077652588704755,0.3845599535353146,4.222381138679488,0.015140967437993022,nan,0,1,1,0.047247643694961726,4.658668033619206e-13,1.5831721918670433e-09,-0.8804820901003507,-1.9590419868920432,-1.7437048328208289,-1.013837548984459,1.542290875034129,-2.060804168500098,0.23478164042784602,-0.6978755819430501,-0.01637851801679835,3.062014611605423,-0.6038552032987613,-0.035148302276038615,0.49086321899108165,-0.6717739734981468,-0.016556854953102364,0.4907712040352919,-0.6717803287897195,-0.016557179993509585,0.8944271909999117,0.4472135954999665,0.0,-0.9970104616899162,-0.07726546355932311,0.00043292242157404604,-0.8804820901003507,-1.9590419868920432,-1.7437048328208289,-1.013837548984459,1.542290875034129,-2.060804168500098,0.03485903256200698,0.0,0.0,0.0,0.0,0.0,0.0,0.0
79,0.019750000000000014,0.034628813960151814,9.211016579989727e-05,0.09211016579989727,2.7508678673174165,157.6131187954417,1,0.0014078898342001027,0.3889794570203824,4.222497421012832,0.01537118603984819,nan,0,1,1,0.04735975896923504,4.619859864359387e-13,1.5776764074531473e-09,-0.8800759042700854,-1.9583936006354405,-1.7445921235631916,-1.0147855761534519,1.5427760622861353,-2.0606878861667535,0.23461497309249807,-0.6968595940732834,-0.016352535438408533,3.0631947685457908,-0.6036015127033949,-0.036110381424359156,0.4910868257888316,-0.6716621700992719,-0.016556854953102364,0.4909949144133617,-0.6716682114244287,-0.016557144941480317,0.8944271909999061,0.4472135954999777,0.0,-0.9973421965636453,-0.07285843407412491,0.00043765039637707904,-0.8800759042700854,-1.9583936006354405,-1.7445921235631916,-1.0147855761534519,1.5427760622861353,-2.0606878861667535,0.034628813960151814,0.0,0.0,0.0,0.0,0.0,0.0,0.0
80,0.020000000000000014,0.03439894086846676,9.196493177792962e-05,0.09196493177792962,2.7463801286773157,157.35599031180615,1,0.0014080350682220703,0.39346719566048316,4.222618427364514,0.015601059131533243,nan,0,1,1,0.04747189577624263,4.581247924954184e-13,1.5722289974668532e-09,-0.8796344579781774,-1.9577328074086364,-1.7454993279175146,-1.0157479788690134,1.5432859799893843,-2.0605668798150725,0.2344686430070182,-0.6958124926246089,-0.016328298447180978,3.064415302073495,-0.6033073554679913,-0.03707596693964402,0.49131043258658164,-0.6715503667003968,-0.016556854953102364,0.4912186455232975,-0.6715560728411262,-0.016557206590095148,0.8944271909999048,0.4472135954999803,0.0,-0.9976591219247287,-0.0683819018514215,0.00043810907534790397,-0.8796344579781774,-1.9577328074086364,-1.7454993279175146,-1.0157479788690134,1.5432859799893843,-2.0605668798150725,0.03439894086846676,0.0,0.0,0.0,0.0,0.0,0.0,0.0
81,0.020250000000000015,0.034169436821264526,9.181409370654979e-05,0.09181409370654979,2.7418248848567455,157.09499406623442,1,0.0014081859062934502,0.3980224394810534,4.2227431140916405,0.015830563178735477,nan,0,1,1,0.04758401411966509,4.5428363946922753e-13,1.5668311613985207e-09,-0.8791594656682975,-1.9570586901791258,-1.746423305445521,-1.0167314383229922,1.543820930732767,-2.0604421930879457,0.23434103014388757,-0.6947343751086953,-0.016303525830075993,3.0656777960113173,-0.6029740994047086,-0.03804818913566365,0.4915340393843316,-0.6714385633015219,-0.016556854953102364,0.49144238414010005,-0.6714439518488781,-0.01655718292474797,0.8944271909999048,0.4472135954999803,0.0,-0.9979602642758555,-0.06383662898788085,0.00044240923169818966,-0.8791594656682975,-1.9570586901791258,-1.746423305445521,-1.0167314383229922,1.543820930732767,-2.0604421930879457,0.034169436821264526,0.0,0.0,0.0,0.0,0.0,0.0,0.0
82,0.020500000000000015,0.033940314045512836,9.166204288322549e-05,0.09166204288322549,2.737199604822086,156.8299850411823,1,0.0014083379571167745,0.40264771951571277,4.222871376454453,0.016059685954487167,nan,0,1,1,0.04769614567733247,4.5046230694137133e-13,1.561480757121434e-09,-0.8786510470887444,-1.95637389976078,-1.747363247230103,-1.0177346232082618,1.5443878280647239,-2.0603139307251332,0.23423479758490626,-0.6936237949166218,-0.01628026760256468,3.066987824343056,-0.6026029230632851,-0.03902110802417899,0.49175764618208156,-0.6713267599026468,-0.016556854953102364,0.49166612444696084,-0.6713318175302019,-0.016557204966719252,0.8944271909999048,0.4472135954999803,0.0,-0.9982448497657581,-0.05922011627030024,0.00044468536198103033,-0.8786510470887444,-1.95637389976078,-1.747363247230103,-1.0177346232082618,1.5443878280647239,-2.0603139307251332,0.033940314045512836,0.0,0.0,0.0,0.0,0.0,0.0,0.0
83,0.020750000000000015,0.03371156935639448,9.14971464478413e-05,0.09149714644784131,2.732504128305941,156.5609540540044,1,0.0014085028535521587,0.40734319603185787,4.223006196672448,0.016288430643605523,nan,0,1,1,0.04780827125952209,4.4666071200144803e-13,1.5561779925309914e-09,-0.8781027239610124,-1.9556762746929086,-1.7483216126901364,-1.018759163473133,1.544973494460047,-2.0601791105071383,0.23414839650961936,-0.6924809773088347,-0.01625689186519863,3.068337242512492,-0.6021865798839091,-0.04001004072985617,0.49198125297983153,-0.6712149565037718,-0.016556854953102364,0.4918898790265718,-0.6712196886338678,-0.016557222945678997,0.8944271909999048,0.4472135954999803,0.0,-0.9985119099451469,-0.05453224494507507,0.0004471676925059938,-0.8781027239610124,-1.9556762746929086,-1.7483216126901364,-1.018759163473133,1.544973494460047,-2.0601791105071383,0.03371156935639448,0.0,0.0,0.0,0.0,0.0,0.0,0.0
84,0.021000000000000015,0.03348322114357042,9.132898015499293e-05,0.09132898015499293,2.727736034039463,156.2877623762147,1,0.0014086710198450072,0.41211129029833593,4.223147363292441,0.016516778856429583,nan,0,1,1,0.04792041700775225,4.4287876029971206e-13,1.5509210220484328e-09,-0.877520354059112,-1.9549653819580175,-1.7492983802608786,-1.01980105180459,1.545594069298426,-2.060037943887146,0.23408453661296483,-0.6913040565766586,-0.016234590176057606,3.069734088470155,-0.601735871319296,-0.0409940773914606,0.49220485977758155,-0.6711031531048969,-0.016556854953102364,0.4921136368976214,-0.6711075387165402,-0.016557222646506154,0.8944271909999048,0.4472135954999803,0.0,-0.9987605718961176,-0.04977064455377685,0.000450517970643908,-0.877520354059112,-1.9549653819580175,-1.7492983802608786,-1.01980105180459,1.545594069298426,-2.060037943887146,0.03348322114357042,0.0,0.0,0.0,0.0,0.0,0.0,0.0
85,0.021250000000000015,0.03325525981819086,9.113948657001914e-05,0.09113948657001913,2.722896341518147,156.01046842060225,1,0.0014088605134299809,0.4169509828196518,4.223297421819117,0.016744740181809145,nan,0,1,1,0.048032533492059874,4.3911650351980815e-13,1.545711562153813e-09,-0.8768958751449795,-1.9542419651518566,-1.7502920906227664,-1.020858528884311,1.5462472144946904,-2.0598878853604687,0.23404908665260316,-0.6900928077226818,-0.01621300941938647,3.0711765040540526,-0.6012417262212395,-0.041972594877039304,0.4924284665753315,-0.6709913497060218,-0.016556854953102364,0.49233741845426304,-0.6709954166665467,-0.016557179751865582,0.8944271909999048,0.4472135954999803,0.0,-0.9989897462582188,-0.04493638882387589,0.0004558842059866027,-0.8768958751449795,-1.9542419651518566,-1.7502920906227664,-1.020858528884311,1.5462472144946904,-2.0598878853604687,0.03325525981819086,0.0,0.0,0.0,0.0,0.0,0.0,0.0
86,0.021500000000000016,0.03302776170287437,9.099597113274419e-05,0.09099597113274419,2.7179803625155654,155.7288035715794,1,0.0014090040288672558,0.4218669618222335,4.223453666538363,0.01697223829712563,nan,0,1,1,0.048144700044299125,4.353742456393124e-13,1.5405452129972523e-09,-0.8762345729575,-1.953508337987438,-1.7513033509982534,-1.021939154490822,1.5469293480750443,-2.059731640641223,0.23403393732394437,-0.6888465503912323,-0.016193356222117206,3.0726673134099696,-0.6007086232109391,-0.04296223992892214,0.4926520733730815,-0.6708795463071469,-0.016556854953102364,0.49256115343129586,-0.6708832443699785,-0.01655724900815519,0.8944271909999048,0.4472135954999803,0.0,-0.9991985805508661,-0.040024850130842005,0.0004560670324836718,-0.8762345729575,-1.953508337987438,-1.7513033509982534,-1.021939154490822,1.5469293480750443,-2.059731640641223,0.03302776170287437,0.0,0.0,0.0,0.0,0.0,0.0,0.0
87,0.021750000000000016,0.03280067012946122,9.08325923330992e-05,0.09083259233309919,2.7129900675034677,155.442880728861,1,0.001409167407666901,0.4268572568343312,4.223616415057266,0.017199329870538786,nan,0,1,1,0.048256845889091265,4.316515528988783e-13,1.5354246645706383e-09,-0.8755319486026389,-1.952763205044936,-1.7523306007910802,-1.0230402460186936,1.547643681281871,-2.0595688921223205,0.23404486126786042,-0.6875652843530665,-0.016174343963127114,3.074206733734586,-0.6001301222018198,-0.04395333220098349,0.49287568017083144,-0.6707677429082719,-0.016556854953102364,0.4927849103349197,-0.6707710906720616,-0.016557289919904142,0.8944271909999048,0.4472135954999803,0.0,-0.999385873379438,-0.03503807521131855,0.0004575752441536635,-0.8755319486026389,-1.952763205044936,-1.7523306007910802,-1.0230402460186936,1.547643681281871,-2.0595688921223205,0.03280067012946122,0.0,0.0,0.0,0.0,0.0,0.0,0.0
88,0.022000000000000016,0.032574006885911826,9.066144938135112e-05,0.09066144938135112,2.7079236095260537,155.1525940696748,1,0.001409338550618649,0.4319237148117452,4.223786535064954,0.017425993114088177,nan,0,1,1,0.04836898210389112,4.279484802434325e-13,1.5303487825709875e-09,-0.8747856490789996,-1.9520050339707458,-1.7533755997402685,-1.0241589232180452,1.5483910273347063,-2.0593987721146325,0.23408377933717178,-0.6862482854404689,-0.016155825097361243,3.0757940935066608,-0.5995038181263035,-0.04494208491076109,0.4930992869685814,-0.6706559395093968,-0.016556854953102364,0.4930086762717062,-0.6706589430005522,-0.016557278103896948,0.8944271909999232,0.4472135954999435,0.0,-0.9995505630904181,-0.029974301546465017,0.00046159769261125476,-0.8747856490789996,-1.9520050339707458,-1.7533755997402685,-1.0241589232180452,1.5483910273347063,-2.0593987721146325,0.032574006885911826,0.0,0.0,0.0,0.0,0.0,0.0,0.0
89,0.022250000000000016,0.032347782545670785,9.048379861391669e-05,0.09048379861391669,2.7027786065988804,154.8578071163653,1,0.0014095162013860834,0.43706871773891853,4.223963557288693,0.017652217454329218,nan,0,1,1,0.048481131787699396,4.242648645370378e-13,1.5253159298056553e-09,-0.8739936362359393,-1.9512371851420511,-1.7544363721698724,-1.025296447919789,1.5491730047996728,-2.0592217498908933,0.23415256416881133,-0.6848948523508334,-0.016139208139327732,3.077432873068897,-0.5988263999191722,-0.045930451480965334,0.4933228937663314,-0.6705441361105219,-0.016556854953102364,0.4932324497391649,-0.6705467779165476,-0.01655732038024938,0.8944271909999457,0.44721359549989853,0.0,-0.9996915500862571,-0.024831235306811493,0.00046307588396832277,-0.8739936362359393,-1.9512371851420511,-1.7544363721698724,-1.025296447919789,1.5491730047996728,-2.0592217498908933,0.032347782545670785,0.0,0.0,0.0,0.0,0.0,0.0,0.0
90,0.022500000000000017,0.03212201241981382,9.030473969221634e-05,0.09030473969221633,2.6975552540568226,154.55853106079647,1,0.0014096952603077837,0.4422920702809763,4.224149028469499,0.017877987580186182,nan,0,1,1,0.0485932575239841,4.206009824225561e-13,1.520327153603202e-09,-0.8731539783066989,-1.9504569850234634,-1.7555139867693645,-1.026449591329965,1.549990625042906,-2.059036278710087,0.23425350868471176,-0.6835048843903662,-0.016123291423296937,3.0791208962432517,-0.598096963981762,-0.04691181324039815,0.4935465005640814,-0.6704323327116469,-0.016556854953102364,0.49345622608944584,-0.6704346268999812,-0.016557304330494245,0.8944271909999495,0.4472135954998909,0.0,-0.9998076123032782,-0.019609180009006986,0.0004673754295054812,-0.8731539783066989,-1.9504569850234634,-1.7555139867693645,-1.026449591329965,1.549990625042906,-2.059036278710087,0.03212201241981382,0.0,0.0,0.0,0.0,0.0,0.0,0.0
91,0.022750000000000017,0.03189670354626856,9.01214563800086e-05,0.0901214563800086,2.692251108079317,154.2546258823641,1,0.0014098785436199915,0.4475962162584821,4.224342260669167,0.018103296453731446,nan,0,1,1,0.04870537487880131,4.169566701365402e-13,1.5153811468322512e-09,-0.872264589969142,-1.9496675610174632,-1.7566065635765233,-1.0276197088167356,1.5508445955372916,-2.058843046510419,0.23438809973390795,-0.6820779048913186,-0.01610927449400995,3.0808609807142875,-0.5973116307779008,-0.04788900285481342,0.4937701073618314,-0.670320529312772,-0.016556854953102364,0.49368000794180933,-0.6703224661873455,-0.016557323918585748,0.8944271909999495,0.4472135954998909,0.0,-0.9998975563077324,-0.014305802929708759,0.00046999187389800226,-0.872264589969142,-1.9496675610174632,-1.7566065635765233,-1.0276197088167356,1.5508445955372916,-2.058843046510419,0.03189670354626856,0.0,0.0,0.0,0.0,0.0,0.0,0.0
92,0.023000000000000017,0.031671867485902346,8.993512691711165e-05,0.08993512691711165,2.686865858923319,153.94607383409905,1,0.0014100648730828885,0.4529814654144797,4.224546497332559,0.018328132514097657,nan,0,1,1,0.04881742729067404,4.133322702453207e-13,1.5104797769319275e-09,-0.8713266336616325,-1.9488690902495502,-1.7577129128974753,-1.028805258655828,1.5517395515076997,-2.058638809847027,0.23455812026052408,-0.6806134779079487,-0.016097115015883068,3.0826537245542127,-0.5964777134293875,-0.04885471103284316,0.4939937141595814,-0.670208725913897,-0.016556854953102364,0.493903794431099,-0.6702103171002586,-0.01655734240485888,0.8944271909999305,0.44721359549992884,0.0,-0.9999600960494953,-0.00892092351403677,0.0004726863027612469,-0.8713266336616325,-1.9488690902495502,-1.7577129128974753,-1.028805258655828,1.5517395515076997,-2.058638809847027,0.031671867485902346,0.0,0.0,0.0,0.0,0.0,0.0,0.0
93,0.023250000000000017,0.03144751770034575,8.974796923134149e-05,0.08974796923134148,2.6813958688722472,153.63266649019408,1,0.0014102520307686585,0.45845145546555166,4.2247542209644005,0.018552482299654255,nan,0,1,1,0.048929204637886,4.09729052284468e-13,1.5056314373511513e-09,-0.870333817210651,-1.948061795660811,-1.758832464871817,-1.0300075280796435,1.5526727542436327,-2.058431086215186,0.23476598107238175,-0.6791118869086961,-0.01608632495480955,-3.083959459624365,0.5954689101340549,0.04980437889375476,0.49421732095733134,-0.670096922515022,-0.016556854953102364,0.4941275824817792,-0.6700981335223533,-0.016557342239432865,0.894427190999908,0.4472135954999738,0.0,-0.9999939316795481,-0.0034510458989246897,0.00047632581606345443,-0.870333817210651,-1.948061795660811,-1.758832464871817,-1.0300075280796435,1.5526727542436327,-2.058431086215186,0.03144751770034575,0.0,0.0,0.0,0.0,0.0,0.0,0.0
94,0.023500000000000017,0.031223655436126176,8.955096412161552e-05,0.08955096412161552,2.675841831898561,153.31444361234225,1,0.0014104490358783845,0.46400549243923805,4.224970781840719,0.018776344563873826,nan,0,1,1,0.048956867538418034,4.0664542274042456e-13,1.50442840775843e-09,-0.8692841530853981,-1.9472468525804099,-1.7599648729882766,-1.0312226178851822,1.5536438330446922,-2.0582145253388666,0.2350141002011551,-0.6775732980580597,-0.016077574188352983,-3.0825275757951536,0.5938577621133863,0.05069751131276337,0.49444092775508136,-0.669985119116147,-0.016556854953102364,0.49435138215648433,-0.6699859581763402,-0.016557361830802312,0.8944271909999048,0.4472135954999803,0.0,-0.9999976739987897,0.0021029826393767384,0.0004790209066138969,-0.8692841530853981,-1.9472468525804099,-1.7599648729882766,-1.0312226178851822,1.5536438330446922,-2.0582145253388666,0.031223655436126176,0.0,0.0,0.0,0.0,0.0,0.0,0.0
95,0.023750000000000018,0.031000298181970684,8.93500558059288e-05,0.0893500558059288,2.6702014778444436,152.99127513008182,1,0.0014106499441940712,0.4696458464933553,4.225195312517384,0.01899970181802932,nan,0,1,1,0.04884547400421687,4.0439833857793874e-13,1.5092450660064236e-09,-0.8681772603878966,-1.9464248327911584,-1.7611086554702824,-1.0324509104321278,1.5546552759100993,-2.057989994662202,0.23530375987722263,-0.6759975824098673,-0.016070688394126453,-3.0810690366404736,0.5921672470074064,0.051574349361808366,0.4946645345528313,-0.669873315717272,-0.016556854953102364,0.49457518718484395,-0.6698737740665339,-0.01655737478211694,0.8944271909999048,0.4472135954999803,0.0,-0.9999699043085135,0.007743260500385864,0.00048207265583898143,-0.8681772603878966,-1.9464248327911584,-1.7611086554702824,-1.0324509104321278,1.5546552759100993,-2.057989994662202,0.031000298181970684,0.0,0.0,0.0,0.0,0.0,0.0,0.0
96,0.024000000000000018,0.03077746485107435,8.915297377748606e-05,0.08915297377748606,2.6644745266067047,152.66314499468214,1,0.001410847026222514,0.4753727977310942,4.225429500888525,0.019222535148925652,nan,0,1,1,0.04873343115593689,4.021549200077717e-13,1.5141253720081913e-09,-0.8670117430720878,-1.9455971997246242,-1.7622620629306567,-1.0336895395564758,1.5557095030163863,-2.0577558062910613,0.23563804367627791,-0.6743851502361491,-0.016066091592674137,-3.0795838524470374,0.5903982954816176,0.05242906946244635,0.4948881413505813,-0.669761512318397,-0.016556854953102364,0.4947989900167883,-0.6697616045156943,-0.016557387790747505,0.8944271909999048,0.4472135954999803,0.0,-0.9999091593362494,0.0134698813875432,0.0004851503691735919,-0.8670117430720878,-1.9455971997246242,-1.7622620629306567,-1.0336895395564758,1.5557095030163863,-2.0577558062910613,0.03077746485107435,0.0,0.0,0.0,0.0,0.0,0.0,0.0
97,0.024250000000000018,0.030555153384921825,8.894531809725914e-05,0.08894531809725914,2.6586573482816336,152.3298452279806,1,0.001411054681902741,0.4811899760561653,4.225670732583387,0.019444846615078178,nan,0,1,1,0.04862128503072737,3.999118717458277e-13,1.519046320829353e-09,-0.8657832656300609,-1.9447647901472127,-1.763423851419487,-1.0349372599808597,1.556806661577146,-2.0575145745961994,0.2360202746056033,-0.6727362704570801,-0.016063755247893885,-3.0780748995325675,0.5885407741882738,0.05325996217179351,0.49511174814833125,-0.669649708919522,-0.016556854953102364,0.4950228049677917,-0.6696494069132056,-0.01655739257668724,0.8944271909999048,0.4472135954999803,0.0,-0.9998138831640714,0.019286270467632444,0.0004886755877054515,-0.8657832656300609,-1.9447647901472127,-1.763423851419487,-1.0349372599808597,1.556806661577146,-2.0575145745961994,0.030555153384921825,0.0,0.0,0.0,0.0,0.0,0.0,0.0
98,0.02450000000000002,0.03033338592114126,8.873786742269529e-05,0.0887378674226953,2.652750734291052,151.99142117510735,1,0.0014112621325773048,0.48709659004674677,4.2259224736775005,0.01966661407885874,nan,0,1,1,0.04850913314988326,3.976689212658559e-13,1.5240042357139944e-09,-0.8644930302100331,-1.943929874218686,-1.7645917483139324,-1.0361921526903055,1.5579486846964228,-2.0572628335020857,0.23645156684291282,-0.6710516539208831,-0.01606432590334561,-3.076540441891439,0.5866022646390162,0.05406324607428769,0.4953353549460812,-0.669537905520647,-0.016556854953102364,0.49524662145773046,-0.6695372266934327,-0.016557417406164666,0.8944271909999097,0.4472135954999704,0.0,-0.9996825252613745,0.025191415239569703,0.0004912079693154151,-0.8644930302100331,-1.943929874218686,-1.7645917483139324,-1.0361921526903055,1.5579486846964228,-2.0572628335020857,0.03033338592114126,0.0,0.0,0.0,0.0,0.0,0.0,0.0
99,0.02475000000000002,0.03011216549796925,8.852061836204776e-05,0.08852061836204776,2.6467517041395046,151.64770206625195,1,0.0014114793816379523,0.49309562019829434,4.2261834508074205,0.019887834502030754,nan,0,1,1,0.048396959606979366,3.9542622504039554e-13,1.5290004181369707e-09,-0.8631380058232593,-1.9430925563753485,-1.7657644437336795,-1.0374528379439765,1.5591356120616648,-2.0570018563721657,0.23693454577257544,-0.6693318620890274,-0.016067253171977436,-3.074983213787845,0.5845768571232899,0.05483624894520435,0.49555896174383124,-0.669426102121772,-0.016556854953102364,0.4954704493359278,-0.6694250357475248,-0.01655741741937071,0.8944271909999154,0.4472135954999592,0.0,-0.9995134118111895,0.03118805126351021,0.0004950433721950085,-0.8631380058232593,-1.9430925563753485,-1.7657644437336795,-1.0374528379439765,1.5591356120616648,-2.0570018563721657,0.03011216549796925,0.0,0.0,0.0,0.0,0.0,0.0,0.0
100,0.02477677387372203,0.030032062895281066,3.204512014089038e-05,0.03204512014089038,2.6460474964877356,151.60735393990478,1,0.0014679548798591097,0.49379982785006327,4.226216726756974,0.019967937104718936,nan,0,1,1,0.04838536815858109,3.94440935463977e-13,1.5295103301187609e-09,-0.862966321322926,-1.942978192915754,-1.7659083444990504,-1.0376134235876098,1.5592863048624104,-2.0569685804226125,0.23699868734324855,-0.6691174712114251,-0.016059958593724555,-3.0747931867821117,0.5843224550831249,0.05491951487505593,0.4955829090244966,-0.6694141284814393,-0.016556854953102364,0.4955508711448182,-0.6694134507641154,-0.016556923435123397,0.894427190999916,0.447213595499958,0.0,-0.9994911879055334,0.0318918824519099,0.0005226211433253352,-0.862966321322926,-1.942978192915754,-1.7659083444990504,-1.0376134235876098,1.5592863048624104,-2.0569685804226125,0.030032062895281066,0.0,0.0,0.0,0.0,0.0,0.0,0.0
