k,i_ref,i_ref_mpc,ref_advanced,dist_to_ref_m,dist_to_ref_mm,u0_vx,u0_vy,u0_vz,u0_wx,u0_wy,u0_wz,u0_dL,p_x,p_y,p_z,p_qw,p_qx,p_qy,p_qz,p_L,y_x,y_y,y_z,y_tx,y_ty,y_tz,status,infeasible,pred1_err_xy_m,pred1_err_xy_mm,pred1_err_xyz_m,pred1_err_xyz_mm,vessel_tip_alignment_deg,i_seg,u_seg,rho_m,rho_mm,clearance_m,clearance_mm,jac_pred_mm,jac_mpc_pred_mm,jac_actual_mm,jac_gain_actual_over_jac,jac_gain_actual_over_mpc,jac_angle_actual_deg,jac_cos_actual,jac_actual_along_pred_mm,jac_dp_pred_x_mm,jac_dp_pred_y_mm,jac_dp_pred_z_mm,mpc_dp_pred_x_mm,mpc_dp_pred_y_mm,mpc_dp_pred_z_mm,actual_dp_x_mm,actual_dp_y_mm,actual_dp_z_mm,jac_dir_pred_x,jac_dir_pred_y,jac_dir_pred_z,mpc_dir_pred_x,mpc_dir_pred_y,mpc_dir_pred_z,actual_dir_x,actual_dir_y,actual_dir_z,frame_path
0,17,17,1,0.001588201128674155,1.5882011286741549,0.020260586983541218,0.09704154837886039,-3.4289418604725265e-07,0.0,0.0,0.003909011070047805,0.009460508255188077,0.6623354278927885,-0.7089569012084115,-0.1,-0.0005336738646500262,-0.9999997623019973,-0.000298764757806885,-0.00031832023919901707,0.01609460508255188,0.7820386577663047,-0.7098216376418168,-0.1000007505722543,-0.9999513854639119,0.009857838499611806,0.0002229998174680229,solved,0,4.2585390832638766e-06,0.004258539083263876,4.25853936055584e-06,0.004258539360555841,6.001495925734756,16,0.14105781343074256,0.0013364544418966984,1.3364544418966984,0.0026635455581033017,2.663545558103302,0.13928021740164176,0.13928021740166832,0.14213300901001502,1.020482389111633,1.0204823891114385,1.2875636942558475,0.9997475101598359,0.14209712186928802,-0.09459648174346405,0.10222760425857723,3.9099345112183615e-05,-0.09459648174348079,0.10222760425859789,3.9099345108817296e-05,-0.09416553248497994,0.10646428194993618,3.756255709252976e-05,-0.6791810316512975,0.7339707401790158,0.0002807243256910851,-0.6791810316512882,0.7339707401790241,0.0002807243256668621,-0.6625169842027675,0.7490468448637041,0.0002642775056558678,mpc_3np1s_wadv_120/frames/frame_000000.png
1,18,18,1,0.002136433838508745,2.1364338385087454,0.02420813593909755,0.36533034783561974,-3.306766275505894e-07,0.0,0.0,0.014699834853509038,0.009533349499209668,0.6625775092521795,-0.7053035977300552,-0.1,-0.000533650466933826,-0.9999997815598967,-0.00022526560026913924,-0.00031835946292755826,0.016189938577543975,0.7819528634129332,-0.7094152081217093,-0.10000071433682152,-0.9989269721161228,0.04631256308901196,0.00022556382982968258,solved,0,1.1074020618443047e-05,0.011074020618443047,1.107402062094437e-05,0.011074020620944371,5.449337476642284,16,0.24595954835030545,0.0014324654670853487,1.4324654670853487,0.0025675345329146514,2.5675345329146513,0.4015418942774378,0.40709634720769716,0.41538611820598614,1.0344776575641268,1.0203631672333813,1.3450219499333567,0.9997244733963098,0.4152716682796168,-0.09213422421110452,0.3908288324864212,3.5864074787994896e-05,-0.09118070654734467,0.3967537187390402,3.647080365487554e-05,-0.08579435337141561,0.40642952010749855,3.623543277930796e-05,-0.22945108723187455,0.9733201891416724,8.931589779076774e-05,-0.22397819870593197,0.9745941506486172,8.958764652405106e-05,-0.20654121457393285,0.978437897402132,8.723313368247695e-05,mpc_3np1s_wadv_120/frames/frame_000001.png
2,19,19,1,0.0027896623527186425,2.7896623527186426,0.058475206101655235,0.6628881805974615,-3.252166370073558e-07,0.0,0.0,0.02668470847913137,0.00999750698406232,0.6631622613131961,-0.6986747159240806,-0.1,-0.0005336079855366725,-0.999999802714712,-9.184208540932754e-05,-0.00031843066162935403,0.016289913647384597,0.7819029408936218,-0.7086655166225302,-0.10000067574381687,-0.9936176737109725,0.11280011649501417,0.0002284904954029398,solved,0,1.7512831281076856e-05,0.017512831281076856,1.751283130859125e-05,0.01751283130859125,3.3598361655092157,16,0.3739857270095557,0.0018276631542162838,1.8276631542162838,0.002172336845783716,2.172336845783716,0.7259041866087858,0.7410615489030692,0.751351850576871,1.035056505304053,1.0138858934039066,1.876689714807966,0.9994636221204244,0.7509488420644436,-0.07192559687917813,0.7223320535962002,3.1578998288335373e-05,-0.06327151710971979,0.738355559991688,3.761131736612633e-05,-0.04992251931146274,0.7496914991791392,3.8593004653142415e-05,-0.09908414664915172,0.9950790571559126,4.35029841002341e-05,-0.08537957097271512,0.9963484964030497,5.075329764686778e-05,-0.06644359666264661,0.9977901812626707,5.1364756237056685e-05,mpc_3np1s_wadv_120/frames/frame_000002.png
3,20,20,1,0.0033793549992265203,3.3793549992265204,0.10713183720156229,0.7255662152383034,-5.784079164570656e-09,0.0,0.0,0.029300446473016554,0.009966642982115194,0.6642335796852117,-0.6914190537716975,-0.1,-0.0005335613290076687,-0.9999998054383326,5.466011851455862e-05,-0.00031850883297294,0.01638958007720575,0.781852357899171,-0.7082240556708668,-0.10000181234271116,-0.9882073089287006,0.15312183651239272,0.00013327778421908947,solved,0,1.2598178269726973e-05,0.012598178269726973,1.2598255345794992e-05,0.01259825534579499,0.46546930886020454,16,0.5023014533071841,0.00256799131747052,2.56799131747052,0.0014320086825294802,1.4320086825294802,0.8106276440058892,0.45668266344021835,0.4443508782800256,0.5481565815892623,0.9729970367885291,4.931203952843863,0.9962986293770943,0.4427061709928976,-0.022733916628036123,0.8103087717449957,-0.0002017285414922886,-0.04939110182922146,0.4540026217154658,-0.001092530288335225,-0.050582994450820706,0.44146095166341937,-0.001136598894294072,-0.0280448326628631,0.9996066353482376,-0.0002488547522206423,-0.10815190893640515,0.9941315010634219,-0.0023923182896962362,-0.11383570264700545,0.9934962959276856,-0.0025578860082229845,mpc_3np1s_wadv_120/frames/frame_000003.png
4,21,21,1,0.003631998152260953,3.631998152260953,0.0026375366962447275,0.005001886578283316,-6.926654656986089e-08,0.0,0.0,0.0002176370813286715,0.009993398230143044,0.6642599550521742,-0.6913690349059147,-0.1,-0.0005335609824106888,-0.9999998053782602,5.574830370945024e-05,-0.00031850941358640316,0.01648951405950718,0.7817530735273934,-0.7082134500110806,-0.10000182951924852,-0.9882167898307074,0.15306063683480345,0.0001332231808996232,solved,0,1.1142247619605491e-06,0.0011142247619605492,0.00010598652725728372,0.10598652725728372,2.7942992151762622,16,0.5989511462716847,0.003001717032601988,3.001717032601988,0.000998282967398012,0.998282967398012,0.21941533615767952,0.14486613532231032,0.09984922029636609,0.45506946800022646,0.6892516327174267,63.03857871889189,0.4533904593114356,0.04527068385205814,-0.0982413259769967,0.017218249705743916,0.19543608543086316,-0.09818901441571715,0.010809838800973637,0.10596349369659808,-0.09928437177753047,0.01060565978616701,-1.717653735910929e-05,-0.44774138260963237,0.07847331917296009,0.8907129686250188,-0.6777913568085322,0.074619501493037,0.7314580005937317,-0.9943429851814659,0.10621675116428518,-0.000172024752002339,mpc_3np1s_wadv_120/frames/frame_000004.png
5,22,22,1,0.003650310671740494,3.650310671740494,0.002335328279417664,0.009062082285208023,-1.0051874339308071e-07,0.0,0.0,0.00037831422048458863,0.009993901714477282,0.6642833083349683,-0.6912784140830627,-0.1,-0.0005335603799265317,-0.9999998052710193,5.763987444363146e-05,-0.00031851042285436907,0.016589453076651953,0.7816556038704573,-0.7081883837893735,-0.10000187972220914,-0.9880538880409272,0.15410872077964932,0.00012847905331715305,solved,0,9.325622552478787e-09,9.325622552478788e-06,4.3682159751359485e-08,4.3682159751359486e-05,2.790754365578084,16,0.6988955385448453,0.0030018627818947504,3.0018627818947503,0.0009981372181052496,0.9981372181052497,0.10071310934027206,0.10065033516871558,0.10064120435612961,0.9992860414635844,0.999909281846199,7.733795650414866,0.9909039961977335,0.09972577157864157,-0.09991787674493158,0.012150136825577564,-0.003452893698045122,-0.09747805447701818,0.025070277387406747,-7.527864318013222e-06,-0.0974696569361333,0.025066221707059633,-5.020296062197005e-05,-0.9921039812935009,0.12064106554914096,-0.03428445135557359,-0.9684821646507203,0.24908290017497292,-7.479224292094613e-05,-0.9684865911503459,0.249065200157583,-0.0004988310796075287,mpc_3np1s_wadv_120/frames/frame_000005.png
6,23,23,1,0.003666158018057578,3.666158018057578,0.004130473459878228,0.009097775709233405,-7.553638985731982e-08,0.0,0.0,0.00037978780262183794,0.010000143296669147,0.664324613069567,-0.6911874363259704,-0.1,-0.0005335597750937016,-0.9999998051597617,5.953881308685712e-05,-0.00031851143605241607,0.016689454509618645,0.7815586220644882,-0.7081594289152819,-0.10000186740059,-0.9878276860585343,0.15555206766802757,0.00013000170457241607,solved,0,5.477114891821931e-10,5.477114891821931e-07,1.4858095404060708e-08,1.4858095404060708e-05,7.777743345815906,17,0.35948340710085624,0.0030019434395106336,3.0019434395106335,0.0009980565604893665,0.9980565604893665,0.10127922668315537,0.10121181396104009,0.10121193395298927,0.9993355722355918,1.0000011855527975,0.14370981350822237,0.999996854444419,0.10121161558522557,-0.09701444939204383,0.02907974372917265,-0.000216497903407719,-0.09698153874959647,0.02895535219371581,-2.5263777320150282e-06,-0.09698180596906525,0.028954874091602356,1.2321619141664186e-05,-0.95789089795824,0.28712446452762225,-0.002137633851461137,-0.9582037407898647,0.28608668356504036,-2.4961292888076463e-05,-0.958205244987327,0.28608162062243825,0.00012174077364619184,mpc_3np1s_wadv_120/frames/frame_000006.png
7,24,24,1,0.003744559554122618,3.744559554122618,0.00379359435847493,0.009486828235812898,4.0985087721770996e-11,0.0,0.0,0.00039131028900498717,0.009997264872961535,0.6643625490131517,-0.6910925680436122,-0.1,-0.00053355915190867,-0.999999805041357,6.14953641505519e-05,-0.0003185124799889554,0.01678942715834826,0.7814616909806416,-0.7081304812454803,-0.10000186605598153,-0.987602572268942,0.15697497363865381,0.0001299958195116596,solved,0,5.386275137631152e-10,5.386275137631153e-07,8.925403245478008e-09,8.925403245478008e-06,7.694103822603198,17,0.4609491641000735,0.0030019107437505403,3.0019107437505403,0.0009980892562494598,0.9980892562494598,0.10148639690787516,0.101161774658376,0.1011612702789209,0.9967963526259642,0.9999950141300229,2.3056687058142296,0.9991904196816072,0.10107937210551948,-0.09713008167907873,0.0291305889884431,-0.004079800919734372,-0.09693162111690246,0.028947631587783462,1.0253744422983324e-05,-0.09693108384667415,0.02894766980165997,1.3446084662360747e-06,-0.9570748852897901,0.2870393459222575,-0.040200470644729196,-0.9581842691495004,0.2861518758991705,0.0001013598709355415,-0.9581837355285939,0.2861536803743738,1.32917317322008e-05,mpc_3np1s_wadv_120/frames/frame_000007.png
8,25,25,1,0.003969701234970244,3.969701234970244,0.0031702505849022762,0.010086968517817634,-4.414803537892239e-07,0.0,0.0,0.0004090939449024872,0.00992861552175205,0.6643942515190008,-0.690991698358434,-0.1,-0.000533558500399919,-0.9999998049134781,6.354083347615225e-05,-0.0003185135713673805,0.01688871331356578,0.7813670187007372,-0.7080895007252538,-0.10000197391804735,-0.9872459840102779,0.15920223713469997,0.00012143675294976008,solved,0,1.8873377420256168e-07,0.0001887337742025617,1.9453999927007168e-07,0.0001945399992700717,7.611454040015287,17,0.5623629705866403,0.003001884383198563,3.001884383198563,0.0009981156168014371,0.9981156168014371,0.10086136695516916,0.1032138443502317,0.10316130696411913,1.022802982731458,0.9994909850859319,7.942616641549794,0.9904069579021777,0.10217167620354596,-0.09624159883238308,0.029109089888161063,-0.007951784965332406,-0.09464835883754574,0.041167731925084716,-6.0688198147418326e-05,-0.0946722799043398,0.040980520226496786,-0.00010786206582069635,-0.9541968519538362,0.2886049512009833,-0.07883875863854606,-0.9170122422373784,0.3988586239011869,-0.0005879850569414633,-0.9177111330827562,0.39724700503019367,-0.0010455670734979365,mpc_3np1s_wadv_120/frames/frame_000008.png
9,26,26,1,0.0043913778942210055,4.391377894221005,0.0041303843526642745,0.011623752355297692,-4.456133359687082e-08,0.0,0.0,0.0004792389937554588,0.010001119577877755,0.6644355553625274,-0.690875460834881,-0.1,-0.00053355773717777,-0.9999998047583509,6.593702797727949e-05,-0.0003185148498766603,0.01698872450934456,0.7812737503587277,-0.708033699363614,-0.10000188659813826,-0.9866704564595525,0.1627310478131852,0.0001281698911155744,solved,0,2.3983178387117314e-06,0.002398317838711731,3.315654097400017e-05,0.033156540974000163,21.92350291456159,18,0.42984279550347,0.003002121436209147,3.002121436209147,0.0009978785637908532,0.9978785637908532,0.1127401791218964,0.11434370918060918,0.1086866284637572,0.9640451994159381,0.950525649750294,14.129786032352124,0.9697452374759125,0.10539834033004249,-0.09287276364567897,0.057757175084643356,-0.027369809781819614,-0.09276649087297528,0.05814658527347749,-0.032982368340192525,-0.0932683420095115,0.055801361639740144,8.73199090950516e-05,-0.8237769743585693,0.5123033822945714,-0.24276890452894312,-0.8112950991160164,0.5085245676404749,-0.28844934781760423,-0.8581399876675069,0.5134151498530267,0.000803409861261539,mpc_3np1s_wadv_120/frames/frame_000009.png
10,27,27,1,0.004973446365995739,4.9734463659957395,0.006534602220181846,0.017089046966974563,-9.02453645212786e-08,0.0,0.0,0.0007053590363148189,0.010001281401182277,0.6645009013847293,-0.6907045703652113,-0.1,-0.0005335566138378139,-0.9999998045195854,6.946382246985888e-05,-0.000318516731623536,0.017088737323356383,0.7811860130006401,-0.7079480532070646,-0.10000145277968768,-0.9845501140984194,0.17510294189053033,0.00018047180114793114,solved,0,4.1952151645229985e-07,0.00041952151645229983,4.196265216693979e-07,0.0004196265216693979,21.718688660209963,18,0.53896612815718,0.003001756573923587,3.001756573923587,0.000998243426076413,0.998243426076413,0.11306658971846874,0.12239324466780242,0.12261034350473013,1.0844082572051121,1.001773781204322,9.006800166609858,0.9876697671678453,0.12109852942168635,-0.09183541845781361,0.06581364156002678,-0.004344446092555595,-0.0878321247295144,0.08523747869793041,0.00044320540545927933,-0.08773735808764727,0.08564615654949037,0.0004338184505792153,-0.812224182992342,0.582078593896748,-0.03842378286435535,-0.7176223244012102,0.6964230659076035,0.0036211590489509415,-0.7155787642358451,0.6985230943928173,0.0035381880368231676,mpc_3np1s_wadv_120/frames/frame_000010.png
11,28,28,1,0.005645613535019743,5.645613535019743,0.008977248047815668,0.03282784342040706,-9.343657062783351e-07,0.0,0.0,0.0013195483228205366,-0.0018150066677053544,0.6645906738652074,-0.6903762919310072,-0.1,-0.0005335545123351062,-0.9999998040395159,7.606156279267255e-05,-0.0003185202518852781,0.01707058725667933,0.7812023332807163,-0.7079577485060423,-0.10000227421672846,-0.9851542686536819,0.17167135959963586,0.00010605018467830847,solved,0,4.9176370347506825e-06,0.004917637034750682,3.5066008032460825e-05,0.03506600803246082,55.63987305452406,20,0.4974743711908747,0.0029902230418773343,2.9902230418773343,0.0010097769581226658,1.0097769581226659,0.018084179411785594,0.03995924825485625,0.019000661116065208,1.0506786447651772,0.47550096525542257,26.434072534531694,0.8954471871544402,0.017014088550455334,0.017859215756290948,-0.0018553861566711993,0.002154878135192771,0.015386204198608588,-0.014523410022504457,0.03389803538215996,0.01632028007625408,-0.009695298977763223,-0.0008214370407766403,0.9875601955514756,-0.10259719915530313,0.11915819270120827,0.3850473887916223,-0.3634555367477271,0.8483151426163362,0.8589322222296336,-0.5102611387329976,-0.043232024178469705,mpc_3np1s_wadv_120/frames/frame_000011.png
12,28,28,0,0.005656944963168175,5.656944963168175,0.010040738750771128,0.02377872040943727,-1.4244957986862706e-07,0.0,0.0,0.0009838812214923523,0.009997916338143854,0.6646910812527151,-0.6901385047269128,-0.1,-0.0005335529453981776,-0.9999998036532379,8.09809679351849e-05,-0.0003185228766527505,0.017170566420060766,0.7811050762414682,-0.7079400086384255,-0.10000153633778716,-0.9841564613021804,0.17730208030944297,0.00017887178018699386,solved,0,5.541883675698953e-05,0.055418836756989526,6.37968061759503e-05,0.0637968061759503,55.83952679622649,20,0.481853426810268,0.003001110606278559,3.001110606278559,0.000998889393721441,0.998889393721441,0.12316835729706202,0.12222106036838953,0.09886444786526337,0.8026773274796417,0.8088986265319053,32.50447783826089,0.8433494516496679,0.08337727789481704,-0.09160949311461195,0.07777406722055148,-0.027006285907427815,-0.09304072989768652,0.07299808151262077,-0.030865681154901292,-0.09725703924812201,0.01773986761677282,0.0007378789412954001,-0.7437745791613082,0.6314451936139174,-0.21926318171389628,-0.7612495720234316,0.5972627081829878,-0.2525397919300346,-0.9837412876736843,0.17943626854569053,0.007463541821434259,mpc_3np1s_wadv_120/frames/frame_000012.png
13,28,28,0,0.00562991167136794,5.62991167136794,0.008073148103424658,0.041729198776369505,-7.893809106063831e-07,0.0,0.0,0.0016752846815577653,-0.001950998519615977,0.6647718127337494,-0.6897212127391491,-0.1,-0.0005335502772969795,-0.9999998029398248,8.935738969535115e-05,-0.0003185273459069571,0.017151056434864607,0.7811254189896578,-0.7079369743902603,-0.10000163212452606,-0.9838713154264449,0.1788776244251605,0.0001736693643846428,solved,0,4.086752898689165e-06,0.004086752898689165,1.8414090387936644e-05,0.018414090387936646,55.51187829261567,20,0.5382739350037677,0.002919750055817699,2.919750055817699,0.001080249944182301,1.080249944182301,0.020234743585605727,0.028076688942899095,0.020568014997428826,1.0164702562408636,0.7325655471433609,7.061550634191716,0.9924146594390456,0.02041199959901051,0.019995370533606165,0.0021376840216387424,0.0022495137747159705,0.020461419110051615,0.00711927772056864,0.01785907821631738,0.02034274818962789,0.0030342481652789743,-9.57867389017597e-05,0.9881701959312278,0.1056442357470452,0.11117085646275221,0.728768949631667,0.2535654305622524,0.6360820626904491,0.989047712779814,0.14752265425994102,-0.004657072591289624,mpc_3np1s_wadv_120/frames/frame_000013.png
14,28,28,0,0.005628716912075719,5.62871691207572,0.013075509085259663,0.05514969085713215,-6.155515513917608e-07,0.0,0.0,0.002233609511554204,-0.0020678057321953966,0.664902567824602,-0.6891697158305777,-0.1,-0.0005335467199351583,-0.9999998018795145,0.00010052543504654003,-0.00031853330460196406,0.017130378377542655,0.7811471760621277,-0.7079328923041897,-0.10000177914432393,-0.983494926607279,0.18093562987176148,0.0001648655573809192,solved,0,4.297386508901283e-07,0.0004297386508901283,1.0243363111877755e-06,0.0010243363111877755,55.4201276070509,20,0.5326515740178331,0.002939541800568565,2.939541800568565,0.0010604581994314351,1.060458199431435,0.021695552780590387,0.021957760520163887,0.022137191420056383,1.0203561828514967,1.0081716393494558,4.6178442943074165,0.996753852826509,0.022065330838699136,0.021398899647056078,0.0032714322304384733,0.0014428567192396088,0.02162135160288514,0.0036743420892548784,-0.0010768528852234116,0.021757072469874572,0.004082086070611446,-0.00014701979786369002,0.9863265464339906,0.1507881483142118,0.06650472259598013,0.9846792701391465,0.1673368322730689,-0.049042017934139225,0.9828289441524447,0.18439945669499247,-0.006641303093692793,mpc_3np1s_wadv_120/frames/frame_000014.png
15,28,28,0,0.005626688945808226,5.626688945808226,0.021017083867094704,0.02703642427114114,-7.038854564208579e-07,0.0,0.0,0.0011146339986475014,-0.001996372394722179,0.6651127386632729,-0.6888993515878663,-0.1,-0.0005335449446866173,-0.9999998013037391,0.00010609860393402837,-0.0003185362781435867,0.017110414653595432,0.7811677168622424,-0.7079310700453726,-0.10000186632616845,-0.9832975467792548,0.1820052450474715,0.00015897518320835664,solved,0,4.167757186374807e-07,0.00041677571863748067,1.8196054298067964e-06,0.0018196054298067965,55.30030130978296,20,0.5274012586964478,0.0029610512849626725,2.9610512849626724,0.0010389487150373276,1.0389487150373276,0.0394697480071851,0.020882100103881137,0.020621656025228727,0.5224673849317393,0.9875278790276459,55.66520999640781,0.5640275519978323,0.011631182166051105,0.02225653218810083,0.0026042167967292294,0.03249193496217726,0.020696548246545987,0.002208839363748716,0.0016840499078296656,0.020540800114710045,0.001822258817063549,-8.7181844521389e-05,0.5638883781079432,0.06598007152858325,0.8232111073083722,0.9911143105141679,0.10577668686389363,0.0806456199066237,0.9960790777219947,0.08836626965526825,-0.004227683965571432,mpc_3np1s_wadv_120/frames/frame_000015.png
16,28,28,0,0.00562687523475414,5.62687523475414,0.015687764111438077,0.05949929522106378,-5.341784054631284e-07,0.0,0.0,0.0024182980068134232,-0.0020582972454382554,0.6652696163043873,-0.6883043586356556,-0.1,-0.0005335410930693816,-0.9999997999477469,0.00011819009155751097,-0.0003185427294736823,0.01708983168114105,0.7811880040399257,-0.7079331487635802,-0.1000024075282928,-0.9833983882942421,0.181459630408545,0.0001115001407229942,solved,0,3.8532357153697394e-07,0.0003853235715369739,4.1393630580167635e-07,0.00041393630580167636,55.237954885059736,20,0.5205859323603793,0.002980524807705028,2.9805248077050277,0.0010194751922949722,1.0194751922949723,0.023535072449739222,0.020365454666905803,0.02040057713596537,0.8668159904556153,1.0017246101122723,28.368589628221084,0.8799091847128357,0.017950655195378605,0.021472589576623107,0.004049012822897068,0.008742598426576965,0.02029118049418077,-0.0016934154275505264,-0.0003899770917720202,0.020287177683320223,-0.0020787182075654442,-0.000541202124351714,0.9123655609082705,0.17204165534412588,0.37147106494986964,0.9963529332421079,-0.0831513685919497,-0.019148950914694745,0.9944413605610585,-0.10189506864003128,-0.02652876537485781,mpc_3np1s_wadv_120/frames/frame_000016.png
17,28,28,0,0.005630991343430797,5.6309913434307965,0.008389250606347721,0.02420084681069322,-1.0829514470241699e-09,0.0,0.0,0.0009980240542700478,0.010675426105574875,0.6653535088104507,-0.6880623501675487,-0.1,-0.000533539503496207,-0.9999997993455135,0.00012318021082908417,-0.00031854539190394034,0.017196585942196797,0.7810827390249689,-0.7079217992199508,-0.10000206986478158,-0.9827745387954043,0.18480850625476142,0.00014802487674476212,solved,0,3.056943732360782e-05,0.03056943732360782,9.123619803535952e-05,0.09123619803535953,55.26973510914295,20,0.5103036267341683,0.0029981623725345162,2.9981623725345163,0.0010018376274654839,1.0018376274654839,0.1323333691870339,0.13906118869579276,0.10587563237635195,0.8000675341886914,0.7613600413553431,38.55962185821606,0.7819599459291893,0.0827905037682309,-0.09866673360459631,0.05231601686271774,-0.07099317333244982,-0.1013425873229723,0.041666289162800574,-0.08562484769956968,-0.10526501495677909,0.011349543629357584,0.00033766351122122007,-0.7455922433679241,0.39533503291053285,-0.5364721972136245,-0.728762556062045,0.2996255788805951,-0.6157350480217794,-0.9942326916414315,0.10719693828145278,0.0031892467005150047,mpc_3np1s_wadv_120/frames/frame_000017.png
18,28,28,0,0.005609845108421175,5.609845108421175,0.016791880410856205,0.05570743784143094,-6.903044127409074e-07,0.0,0.0,0.0022671991180338957,-0.002008763609751883,0.6655214276145593,-0.6875052757891343,-0.1,-0.0005335358924327681,-0.9999997978848908,0.00013451620413647787,-0.00031855144008493175,0.017176498306099276,0.7811039597076368,-0.707917639254227,-0.10000218868786755,-0.9823728080047449,0.18693219587055376,0.00014226695134469068,solved,0,8.862735315230225e-06,0.008862735315230224,7.101725567297257e-05,0.07101725567297257,72.43368790321045,21,0.45494057351669653,0.0029038963304994416,2.9038963304994416,0.0010961036695005585,1.0961036695005584,0.023991674033198494,0.07590521882519438,0.02162491171400731,0.9013506804103717,0.28489360874919956,24.42995545268714,0.9104675565658533,0.01968878052920453,0.021514556815460807,0.004081248929173399,0.009801411894603793,0.02606264778004519,0.011583135607340367,0.07034324136045988,0.02122068266785515,0.0041599657237822996,-0.00011882308596777857,0.8967509639256529,0.17011105283966296,0.4085338889250114,0.3433577846612373,0.15259998965309227,0.9267247028489117,0.9813072510307489,0.19236914253331844,-0.005494731610432989,mpc_3np1s_wadv_120/frames/frame_000018.png
19,28,28,0,0.005607530884863051,5.607530884863051,0.02049322661328852,0.055339369901454986,-4.572259904465975e-07,0.0,0.0,0.002270642381148414,-0.0018695717308394202,0.6657263598806923,-0.6869518820901198,-0.1,-0.0005335322758163809,-0.9999997962932522,0.00014586941373865114,-0.0003185574974104478,0.01715780258879088,0.7811237983248748,-0.7079134233500031,-0.10000231277160264,-0.9819640397307745,0.18906773031673332,0.00013427023740742654,solved,0,1.6122457092224977e-06,0.0016122457092224976,8.994567918471491e-06,0.00899456791847149,72.30986638759887,21,0.4565196865771319,0.002925462491893789,2.925462491893789,0.0010745375081062112,1.0745375081062112,0.0765365468650062,0.02165320547850932,0.020282011219644354,0.2649977305014479,0.9366747680741372,72.48199782260107,0.30100543991701956,0.006104995709570974,0.020202784556894917,0.013628707045518633,-0.07255307606459156,0.019644302657995105,0.0026154111527620927,0.008724809744495299,0.019838617237977196,0.004215904223947575,-0.00012408373509242843,0.26396258237947723,0.1780679636560649,-0.9479533508685646,0.907223767746164,0.12078632678001754,0.4029338636791962,0.9781385594916887,0.207864209238984,-0.006117920641531143,mpc_3np1s_wadv_120/frames/frame_000019.png
20,28,28,0,0.005605116477566535,5.605116477566535,0.0213324690996034,0.06975342226934807,-5.711041731305439e-07,0.0,0.0,0.0028540969760716666,-0.0020859837305616624,0.6659396845716883,-0.6862543478674263,-0.1,-0.0005335277297921047,-0.9999997941098016,0.00016013989569667813,-0.0003185651111422862,0.017136942751485265,0.7811460750686057,-0.7079082052550063,-0.10000246889404274,-0.981454884676395,0.19169322861541516,0.00012428934987453213,solved,0,7.107164718264581e-08,7.107164718264581e-05,1.7181698926278767e-06,0.0017181698926278766,72.18533051590197,21,0.458322333601919,0.002945663515814455,2.945663515814455,0.0010543364841855453,1.0543364841855454,0.025254236126196112,0.02292550419046523,0.022880257884552644,0.9059968304018132,0.9980263768449027,22.754693782895437,0.9221692884537337,0.021099471133035844,0.02238263538919401,0.006266073674165528,-0.009875747873553603,0.022232030425395344,0.0052733389950265774,-0.0018728217733854358,0.02227674373089794,0.005218094996761735,-0.00015612244010088094,0.886292314578329,0.2481197072385712,-0.3910531217101249,0.9697509917640851,0.2300206334052959,-0.081691628582125,0.9736229304451083,0.22806102199943623,-0.00682345631280167,mpc_3np1s_wadv_120/frames/frame_000020.png
21,28,28,0,0.005602009776111498,5.6020097761114975,0.28301364938544776,0.9999572856558179,1.7821573713652226e-08,0.0,0.0,0.04274672999970713,-0.001899405112791227,0.6687698210655427,-0.6762547750108682,-0.1,-0.0005334596295223301,-0.9999997370414856,0.00037387349640448993,-0.00031867913669412454,0.017117948700357353,0.7811796175066621,-0.7078493854206697,-0.1000057196501931,-0.9758857440671455,0.21828192526863543,-0.0001250101266284761,solved,0,0.001209971128815378,1.209971128815378,0.004602951952014719,4.602951952014719,72.03208585229164,21,0.4608290818111212,0.0029684058665777908,2.9684058665777906,0.0010315941334222093,1.0315941334222094,5.041499317008462,4.623711322804467,0.06778964137468312,0.013446325609126194,0.014661304878689089,71.80894274027135,0.3121866428218456,0.0211630205588592,0.36284164539811015,1.3391210683217936,-4.846835675792845,0.33487147465460776,1.2306692036113676,-4.444324560985105,0.033542438056421986,0.05881983433664306,-0.003250756150360856,0.07197097977857389,0.2656196072077234,-0.961387748172675,0.07242482310757557,0.26616480089092526,-0.961202862961056,0.49480182187464455,0.8676817452320977,-0.04795358235328992,mpc_3np1s_wadv_120/frames/frame_000021.png
22,28,28,0,0.005546809622920128,5.546809622920128,-0.0035320113544540076,-0.0024249064545427473,-4.2078845492744666e-07,0.0,0.0,-0.00016125907480227244,-0.0017924914610834,0.6687345009519982,-0.6762790240754136,-0.1,-0.0005334598864716705,-0.9999997373426129,0.00037306720124237935,-0.0003186787065679894,0.01710002378574652,0.7811917065266349,-0.7078705865961158,-0.10000670903685019,-0.9779381311622583,0.20889462006453355,-0.0002220967445429345,solved,0,3.5640552833376676e-05,0.03564055283337668,3.570999770973748e-05,0.03570999770973748,70.47538104205206,21,0.5153878697723191,0.003008778986230807,3.0087789862308068,0.0009912210137691933,0.9912210137691932,0.01833276762328648,0.025028229125564277,0.024425665398483933,1.3323501339458526,0.9759246359757481,58.40528706962762,0.5239073091265439,0.01279678463254505,0.018247163519862237,-0.000735919799953337,0.0016092899853247518,0.020942610566176967,0.013322192580100811,-0.0032153538987028663,0.012089019972849613,-0.021201175446128318,-0.0009893866570881427,0.9953305411826903,-0.04014231866543509,0.08778216243141675,0.836759582993661,0.5322866637213772,-0.12846909314165766,0.4949310397742516,-0.8679876310532054,-0.04050602679383107,mpc_3np1s_wadv_120/frames/frame_000022.png
23,28,28,0,0.005569149559988782,5.569149559988782,-0.07141435011095999,-0.07630854130649539,9.001998613549718e-08,0.0,0.0,-0.0035343349875620136,-0.002003428310545587,0.6680203574508885,-0.6770421094884785,-0.1,-0.0005334655179748858,-0.9999997437791913,0.00035539553088883284,-0.0003186692793885241,0.017079989502641064,0.7812020739551407,-0.707912955392739,-0.10000625294205594,-0.9815638125342819,0.1911346141021138,-0.0002030152733688779,solved,0,2.556481816999982e-05,0.02556481816999982,3.398662340762967e-05,0.033986623407629674,71.02629506582647,21,0.4927955056030208,0.0030182203495398787,3.0182203495398787,0.0009817796504601214,0.9817796504601214,0.07967714082236195,0.03170235880225016,0.0436211705893424,0.5474740953191911,1.3759597783066626,119.24636475260543,-0.48856588322780314,-0.021311815736412745,0.028471578561738632,0.04641890400891978,-0.05816443358651345,0.015053575223578086,-0.017237144130710647,-0.021938785035452435,0.010367428505797527,-0.04236879662322668,0.0004560947942516824,0.35733685054305914,0.5825874715109254,-0.730001515945326,0.4748408570314212,-0.5437180317789853,-0.6920237441100209,0.2376696536504803,-0.9712897671200573,0.010455812810376901,mpc_3np1s_wadv_120/frames/frame_000023.png
24,28,28,0,0.005612372985720871,5.612372985720871,0.0056009248699463495,0.005352995646134609,8.390272819127576e-09,0.0,0.0,0.00024916670389566045,0.00999342448629317,0.6680763666995879,-0.6769885795320172,-0.1,-0.0005334651209656019,-0.9999997433356516,0.0003566413640888265,-0.00031866994399750055,0.017179923747503996,0.7811219700101002,-0.7078333886861695,-0.10000410692550206,-0.9744179861288028,0.2247433811792149,3.0410890904523855e-05,solved,0,5.1115253579582436e-05,0.05111525357958244,5.254034584847238e-05,0.05254034584847238,54.705474730619905,20,0.5229900034204421,0.003019279321105457,3.019279321105457,0.000980720678894543,0.9807206788945431,0.10619516163786963,0.10526246199351429,0.11292523275346825,1.063374555034329,1.0727968034837159,19.986059200487787,0.9397758108661106,0.10612440217813492,-0.09527589196297416,0.04540442894420183,0.011762423143377377,-0.09920568496024629,0.03215475996798389,0.014299978598086849,-0.08010394504054386,0.07956670656950049,0.0021460165538778053,-0.8971773336328571,0.42755647473877406,0.11076232628646285,-0.9424602377850407,0.30547223919164174,0.13585069479913872,-0.7093538183394502,0.7045963477729186,0.01900387098216448,mpc_3np1s_wadv_120/frames/frame_000024.png
25,28,28,0,0.005525254321347562,5.525254321347561,0.02756380863839249,0.03957041458051062,-6.041972510396712e-07,0.0,0.0,0.001744666454522525,-0.001985945585883007,0.6683520047859719,-0.676592875386212,-0.1,-0.0005334623410814977,-0.9999997401865022,0.00036536469410879054,-0.0003186745975788817,0.017160064291645166,0.781142907064524,-0.7078303236869334,-0.10000414804915697,-0.9740272123665702,0.22643097997157632,2.9639838449679466e-05,solved,0,4.240514864965385e-06,0.004240514864965385,1.4514072080481224e-05,0.014514072080481224,70.09592619383966,21,0.5382881205118537,0.0029534799177467134,2.9534799177467135,0.0010465200822532866,1.0465200822532867,0.02057160980360133,0.02407004097234705,0.02116024951222325,1.0286141781922613,0.8791114870362403,11.388361648801178,0.9803113040489392,0.020743631793328502,0.02022831459925123,0.0010948610196953976,0.00357878439318401,0.019668941190764677,-0.000981462817128964,0.013839666021378538,0.020937054423852963,0.003064999236079835,-4.112365491193426e-05,0.9833121856953556,0.053221941799796724,0.17396715314702776,0.817154454093427,-0.04077528651723198,0.5749747595892456,0.9894521523367975,0.1448470271727814,-0.0019434390359234243,mpc_3np1s_wadv_120/frames/frame_000025.png
26,28,28,0,0.005524184435884702,5.5241844358847025,0.030724585746592738,0.043903016994166544,-5.104386291219649e-07,0.0,0.0,0.0019402909085602905,-0.001945829436042308,0.6686592506434378,-0.6761538452162704,-0.1,-0.0005334592494492713,-0.9999997365948742,0.00037506614611367727,-0.0003186797729245374,0.017140605997284744,0.7811629934090897,-0.7078286562717949,-0.1000043695076511,-0.973786588785987,0.22746357815643142,1.062186581568437e-05,solved,0,7.577786761929772e-07,0.0007577786761929772,7.643857511638538e-07,0.0007643857511638538,69.99667658761248,21,0.5388105545859175,0.00297463332763165,2.97463332763165,0.00102536667236835,1.02536667236835,0.021099870978244947,0.019860621910342612,0.020156650394297485,0.9552973293097399,1.0149052977943611,11.344900277561937,0.9804608027546123,0.019762805626436987,0.02040486718149793,0.003770104774839234,-0.0038252137967369117,0.0198374373525656,0.000951682142646959,-0.00012117362742369853,0.020086344565628522,0.0016674151385176472,-0.00022145849412624763,0.9670612300206196,0.17867904399635456,-0.18129086195270597,0.9988326368689926,0.047918043399807195,-0.006101200051575231,0.9965120281746389,0.08272282873891465,-0.01098686983175044,mpc_3np1s_wadv_120/frames/frame_000026.png
27,28,28,0,0.005524500664459578,5.524500664459579,0.021997330117199117,0.031179042256032803,-6.028675719886753e-07,0.0,0.0,0.0013725670238881672,-0.001820228498666689,0.6688792239446097,-0.6758420547937101,-0.1,-0.0005334570623899712,-0.9999997339973078,0.0003819289794165257,-0.0003186834339599046,0.017122403712298076,0.7811770739867159,-0.7078425247347316,-0.1000055445852891,-0.9751973450713404,0.22133713401857744,-0.00010616144050678476,solved,0,1.8975751326078684e-06,0.0018975751326078683,1.9009923700668436e-06,0.0019009923700668435,69.93594568501995,21,0.5380447510815766,0.0029947729069386615,2.9947729069386613,0.0010052270930613386,1.0052270930613385,0.018206126664862456,0.020728783465706797,0.019798427664078876,1.0874596243631292,0.9551176843944037,38.18477938578993,0.7860211455309966,0.015561982792231848,0.01796379308175687,-0.0020063186968392755,-0.0021771246035890758,0.013516231398447154,-0.015680176136734225,-0.0010611451704556352,0.014080577626196522,-0.013868462936716952,-0.0011750776379992889,0.9866894486912867,-0.11020019435058857,-0.11958197609329461,0.6520513575149302,-0.7564445912937985,-0.051191869132656456,0.7111967609298343,-0.7004830470390884,-0.059352068656001504,mpc_3np1s_wadv_120/frames/frame_000027.png
28,28,28,0,0.005539724180119966,5.539724180119966,-0.014344209902844077,-0.010489072470224011,-4.679490941063656e-07,0.0,0.0,-0.0005350080804370587,-0.0018734435090204259,0.6687357818455814,-0.6759469455184123,-0.1,-0.0005334579148791239,-0.9999997350154053,0.00037925393972454506,-0.00031868200693956967,0.017103669277207873,0.7811895058772894,-0.7078651387440774,-0.10000660072781443,-0.9774181515137245,0.2113142510896512,-0.00021066066014125535,solved,0,5.223792687230245e-06,0.005223792687230245,5.430123847438629e-06,0.005430123847438629,70.29618480678647,21,0.5225235679988531,0.0030070777885944115,3.0070777885944113,0.0009929222114055886,0.9929222114055886,0.019663223140865625,0.022282257864205256,0.025827519411612435,1.3134936844578493,1.1591069257439288,48.90084521793166,0.6573641292791369,0.016978084809454622,0.018598486981123506,-0.004318829779196716,-0.004699610158170198,0.01372062702620358,-0.017551680988714402,0.00042650205761551874,0.012431890573538773,-0.022614009345778285,-0.001056142525338033,0.9458513921082805,-0.2196399719545974,-0.23900507686367584,0.6157646639681303,-0.7876975975989325,0.019140881512760055,0.48134280243534383,-0.8755780601837702,-0.040892139446546134,mpc_3np1s_wadv_120/frames/frame_000028.png
29,28,28,0,0.005563501769112168,5.563501769112168,0.005065044343366951,0.006155237456186811,-7.127260380774903e-07,0.0,0.0,0.0002514818736775197,-0.001841170259119248,0.668786432289015,-0.6758853931438504,-0.1,-0.0005334575141649611,-0.9999997345377373,0.00038051134875943836,-0.00031868267771429753,0.01708525757461668,0.7811987404143386,-0.7079041765172949,-0.10000636607101882,-0.980818968195535,0.19492077096806812,-0.00021136002457155715,solved,0,2.850271140134856e-07,0.0002850271140134856,3.821599214091409e-07,0.0003821599214091409,70.8843558356058,21,0.4984915910348498,0.003016692876113868,3.016692876113868,0.000983307123886132,0.983307123886132,0.020439329205280934,0.039874592897713605,0.04011582575619333,1.9626781952231858,1.0060497886235114,66.18665398667252,0.4037584086734291,0.01619710196994118,0.018611552703559964,-0.0040331919109183,0.0074235872281642355,0.009322064796091212,-0.03876651808065734,0.0004892265302869347,0.009234537049152003,-0.03903777321745405,0.0002346567956196255,0.9105755143251607,-0.19732506240352737,0.3632011184714513,0.23378457605834857,-0.9722110061437192,0.012269129155547738,0.2301968580997318,-0.9731265026104357,0.0058494818739558835,mpc_3np1s_wadv_120/frames/frame_000029.png
30,28,28,0,0.0056032917708813,5.6032917708813,0.030390140052439448,0.0321234375401538,-1.9660231266955146e-07,0.0,0.0,0.001500121329325495,0.009997845109997027,0.6690903336895394,-0.6755641587684489,-0.1,-0.0005334551238365446,-0.9999997316555418,0.00038801195340416395,-0.0003186866789603095,0.01718523602571665,0.781120581059611,-0.7078191602062608,-0.10000429883645229,-0.9729470688146558,0.23102813848355838,2.2666962850440403e-05,solved,0,2.5801379092211387e-05,0.025801379092211387,0.00012344232137004196,0.12344232137004196,54.48440108105623,20,0.5324066433359885,0.003019849562067886,3.019849562067886,0.0009801504379321141,0.9801504379321141,0.17217129586313376,0.18364255852831632,0.11550294945161856,0.6708606616020172,0.6289552398814399,37.446542103638265,0.7939209792318295,0.0917002147327935,-0.07933704350722591,0.11019511532862894,0.105856625699261,-0.0798819088314584,0.11076012525068624,0.12278299800347336,-0.0781593547275472,0.0850163110340807,0.002067234566527354,-0.460802964335555,0.6400318634775666,0.6148331820851887,-0.4349858195813647,0.603128850623195,0.668597731307153,-0.6766870897983978,0.7360531608735412,0.017897677733270955,mpc_3np1s_wadv_120/frames/frame_000030.png
31,28,28,0,0.005510958350807407,5.510958350807408,0.0259862477325735,0.03585166213086765,-6.599556323930352e-07,0.0,0.0,0.0015887956531525373,-0.0019054630045275973,0.6693501961668652,-0.6752056421471402,-0.1,-0.000533452592179661,-0.9999997285416299,0.00039595592952587747,-0.00031869091670616334,0.017166181395671373,0.7811406660606502,-0.7078163353664407,-0.1000043539286479,-0.972572618572349,0.232599444037643,1.538517534206017e-05,solved,0,1.075756862838166e-05,0.010757568628381661,1.9243133643398203e-05,0.019243133643398202,69.72595160580998,21,0.5526367626776603,0.0029538154217947565,2.9538154217947565,0.0010461845782052436,1.0461845782052437,0.01940060929306503,0.025153250318514616,0.02028275183264762,1.0454698368621813,0.806367033119296,13.005429878064923,0.9743487419670005,0.019762473731769082,0.019148383842122467,-0.0004817979761293713,-0.003080731712938023,0.01781073822149093,-0.0076895793950093605,-0.016010433295798876,0.02008500103922728,0.0028248398200592106,-5.509219561106171e-05,0.9869990964132903,-0.0248341672599734,-0.15879561648815152,0.7080889346686513,-0.30570917466476577,-0.6365154838066409,0.9902502976394931,0.1392730061170634,-0.0027162091251535184,mpc_3np1s_wadv_120/frames/frame_000031.png
32,28,28,0,0.005510045178913195,5.510045178913195,0.0283785707383573,0.03638909014177616,-5.56911642500366e-07,0.0,0.0,0.001626983283806179,-0.0019367652094806256,0.6696339818742487,-0.6748417512457224,-0.1,-0.000533449999638039,-0.999999725287473,0.00040409084372342594,-0.0003186952562878692,0.01714681374357657,0.7811605963298367,-0.7078149661311935,-0.10000453010681877,-0.9723569941447101,0.2334991990083448,5.707820870681439e-07,solved,0,7.3299615108475e-08,7.329961510847501e-05,1.8899541738724336e-07,0.00018899541738724335,69.63366798575802,21,0.5530170828973379,0.002974090845194486,2.974090845194486,0.001025909154805514,1.0259091548055141,0.019935338928864923,0.019987088727048703,0.019978024771094616,1.002141214773524,0.9995465094452791,8.093062343693202,0.9900407114767774,0.019779057858275204,0.019684489924391844,0.001068097423225336,-0.002966102243641061,0.019931886362511975,0.001442517020611156,-0.0003503804504728647,0.019930269186452243,0.0013692352471839087,-0.00017617817087145493,0.9874168678361487,0.05357809200217852,-0.14878614575979746,0.9972380987901444,0.07217244293607328,-0.017530339473536823,0.99760959428224,0.0685370682473574,-0.008818598079143434,mpc_3np1s_wadv_120/frames/frame_000032.png
33,28,28,0,0.005510639360161039,5.510639360161039,0.046687938385662424,0.05340909156763523,-3.443355811649197e-07,0.0,0.0,0.002435004595010582,-0.0020330214401945317,0.6701008612581053,-0.6743076603300461,-0.1,-0.0005334461194764347,-0.9999997202935421,0.00041626586332359726,-0.0003187017510302504,0.017126483529174622,0.7811765274868834,-0.7078290827435677,-0.10000580887253621,-0.9738386997184647,0.22724033813069305,-0.000125127528662351,solved,0,2.1825884042998644e-06,0.0021825884042998645,2.200169865378626e-06,0.0022001698653786256,69.58035810242274,21,0.5519792691699683,0.00299404486220838,2.99404486220838,0.00100595513779162,1.0059551377916198,0.024019978970432693,0.020363391454362105,0.02132406507981779,0.8877636864739379,1.0471765043464751,55.60917406189455,0.5648348810019022,0.012044575761835697,0.021242132677280624,0.004412066469627292,-0.010308484783343572,0.016390682107791932,-0.011982946781619042,-0.0015563540708279922,0.015931157046678024,-0.014116612374159843,-0.0012787657174412326,0.8843526758882077,0.1836831945214569,-0.42916293956929624,0.8049092482716494,-0.5884553566862821,-0.07642902088859077,0.7470975626385657,-0.662003812186849,-0.05996819615090761,mpc_3np1s_wadv_120/frames/frame_000033.png
34,28,28,0,0.0055262969798203524,5.526296979820352,0.031419220119204026,0.030236739100361718,-1.9868284132135987e-07,0.0,0.0,0.0014344694107160916,0.009997867436758083,0.6704150534592973,-0.6740052929390424,-0.1,-0.000533443833623149,-0.9999997172822177,0.00042343820836025754,-0.0003187055770827563,0.017226462203542202,0.7810841548788889,-0.7078007716168696,-0.10000452442602252,-0.9711256829739789,0.23856845501687066,1.179772498275549e-05,solved,0,5.560665799232824e-05,0.055606657992328244,6.318181505313988e-05,0.06318181505313988,69.94898979776501,21,0.5359867515465634,0.0030081540518623003,3.0081540518623004,0.0009918459481376997,0.9918459481376998,0.12593247491820586,0.12505416354946675,0.09662229766185869,0.767254814332964,0.7726435883411313,32.04089014186149,0.8476696940107372,0.08190379349364213,-0.08363665730183202,0.09021227475602323,0.026937766754952564,-0.0874863053010877,0.08370268254431767,0.031281802069363374,-0.0923726079944398,0.028311126698099542,0.0012844465136913064,-0.6641389153683726,0.7163543384231654,0.2139064349561053,-0.6995873053557421,0.6693314334249097,0.25014602618160303,-0.9560175055835333,0.29300821221595996,0.01329347929798131,mpc_3np1s_wadv_120/frames/frame_000034.png
35,28,28,0,0.005489380412185616,5.489380412185616,0.03310530142696075,0.03966965880645107,-5.861971870937617e-07,0.0,0.0,0.0017930145585440206,-0.0019609152842448145,0.6707461064735669,-0.6736085963509779,-0.1,-0.0005334409763830139,-0.999999713445877,0.00043240327860125566,-0.0003187103594327479,0.017206853050699755,0.7811050466731624,-0.7077972264551168,-0.10000457349028924,-0.9706565787460797,0.24046996914541588,8.726883896196962e-06,solved,0,3.1448036685396406e-06,0.0031448036685396406,2.3046386446786005e-05,0.023046386446786006,69.28149495681157,21,0.5753607783563149,0.002919867979472055,2.919867979472055,0.001080132020527945,1.080132020527945,0.02058917128947937,0.030396425561208532,0.021190508420517836,1.0292064757043298,0.6971381677048518,13.688038143675664,0.9715985444184916,0.02058866713686292,0.02007786734354137,0.0013131063199817695,0.0043668030772065465,0.020116837505468332,0.0004973375909989031,0.022781751271516715,0.020891794273447672,0.003545161752827042,-4.9064266718912286e-05,0.9751663659139469,0.06377655037785512,0.2120922214794478,0.6618158922982426,0.016361712991464297,0.7494878378262492,0.9859033987697562,0.1672995136536893,-0.0023153888403831557,mpc_3np1s_wadv_120/frames/frame_000035.png
36,28,28,0,0.005487695200509574,5.487695200509574,0.03445706963379558,0.042026969699546134,-5.660728420336145e-07,0.0,0.0,0.0019014790914798154,-0.001984802209309299,0.6710906771699049,-0.6731883266539824,-0.1,-0.0005334379462534815,-0.9999997092896528,0.0004419106713145856,-0.00031871543105265924,0.01718700502860666,0.7811262569004588,-0.7077934658150846,-0.10000463492979728,-0.970157803406634,0.24247440371359852,5.740167039362775e-06,solved,0,3.1416430329098493e-07,0.0003141643032909849,4.3949199938656866e-07,0.00043949199938656864,69.16930174472226,21,0.5763680513413713,0.002941034892216546,2.9410348922165457,0.0010589651077834543,1.0589651077834543,0.021005673530315183,0.02137400021076121,0.021541121842407997,1.025490651909831,1.0078189215869215,13.55465456490072,0.9721467940127103,0.020941132538534104,0.020468366530706116,0.0015999281712621616,0.004441229770418909,0.0210888726442926,0.003470860360899053,0.0002458941999461395,0.021210227296397655,0.0037606400321577027,-6.143950803672027e-05,0.9744208630666553,0.07616647802095756,0.21143001027838357,0.9866600746862042,0.16238702754160037,0.011504360321955018,0.9846389362433803,0.17457958130825535,-0.0028521963009263676,mpc_3np1s_wadv_120/frames/frame_000036.png
37,28,28,0,0.005485906779480833,5.485906779480833,0.017563554139648694,0.014616710505449444,-7.25772203983481e-07,0.0,0.0,0.0006774973215635257,-0.0018396337212980775,0.6712663127113013,-0.673042159548928,-0.1,-0.0005334368666061665,-0.9999997077869488,0.00044529815693508386,-0.00031871723806472965,0.01716860869139368,0.7811451561532461,-0.7077924920810307,-0.10000467068717862,-0.9699754633412405,0.2432027970935274,1.3528947574805224e-06,solved,0,1.8434921368254923e-06,0.0018434921368254923,3.782684493856815e-06,0.003782684493856815,69.05105977490143,21,0.5775482163998142,0.0029625422841871598,2.9625422841871596,0.0010374577158128403,1.0374577158128404,0.020745838026240148,0.02000958337317652,0.018924354480845333,0.9122000498080178,0.9457645433144815,34.34443228553624,0.8256610375047756,0.015625102154762906,0.017354500166549745,-0.0035379039020731876,0.010802516158743385,0.019543283100942332,0.002701069636179554,-0.003338822430892785,0.018899252787307752,0.0009737340539439643,-3.5757381347534256e-05,0.8365292423761862,-0.17053559839801644,0.520707630372894,0.9766961528614695,0.1349887994070093,-0.16686116690308417,0.9986735772909461,0.051454016829453754,-0.001889490147932222,mpc_3np1s_wadv_120/frames/frame_000037.png
38,28,28,0,0.0054867498148421885,5.486749814842188,0.03275630442712593,0.036945707275137206,-4.881626766319807e-07,0.0,0.0,0.0016874510373390266,-0.001992569640827558,0.6715938757555726,-0.6726727024761766,-0.1,-0.0005334341774885096,-0.999999703994261,0.00045373540964035303,-0.0003187217387963548,0.017148682994985405,0.7811642477390959,-0.7077953035047345,-0.10000511981590704,-0.9702336420408153,0.2421707622325797,-4.209401943661503e-05,solved,0,1.7742698427446233e-06,0.0017742698427446232,1.8898548333789268e-06,0.001889854833378927,69.00808698478671,21,0.5762328739823055,0.00298142044676872,2.9814204467687198,0.0010185795532312802,1.0185795532312802,0.02056386984498297,0.019593774228775344,0.019302706289971105,0.938670903651943,0.9851448763568594,16.398009956543646,0.9593237804737496,0.018517545171469505,0.020260688812689977,0.0016429694340174274,0.0031109296481315,0.019561799847744865,-0.001100595754865985,0.0002016537362925508,0.01909158584978421,-0.0028114237038412426,-0.0004491287284164036,0.9852566158715033,0.07989592651590662,0.1512813333085009,0.9983681356814084,-0.0561706867709874,0.01029172501112128,0.9890626507487924,-0.14564919869821275,-0.023267655927073423,mpc_3np1s_wadv_120/frames/frame_000038.png
39,28,28,0,0.005491443206493926,5.491443206493925,0.012856525838307967,0.011974461876063958,9.44546608678209e-08,0.0,0.0,0.0005653691547050811,-0.0020472926985625984,0.6717224410139557,-0.672552957857416,-0.1,-0.0005334332765091779,-0.9999997027076254,0.00045656225457529914,-0.0003187232467312314,0.017128210067999777,0.781178075263231,-0.7078163633161971,-0.10000627326135461,-0.9725314816538217,0.23277132924501298,-0.00015960492515244728,solved,0,2.3662779134063655e-07,0.00023662779134063654,2.246167316903905e-06,0.002246167316903905,69.06898465149851,21,0.5711262952230404,0.00300003413006339,3.00003413006339,0.00099996586993661,0.99996586993661,0.023599731792388425,0.025058107857203155,0.025219962707133742,1.0686546325610313,1.0064591808309284,51.20307939153453,0.6265619245343388,0.01580186837046597,0.01925089991752529,-0.005746035981125671,0.01238278092924618,0.013886265750717719,-0.020830590751863554,0.0010802230381024014,0.013827524135145985,-0.021059811462609268,-0.001153445447571455,0.8157253686982258,-0.24347886796658127,0.5247000702457124,0.5541625820213716,-0.8312914474855544,0.04310872330258099,0.5482769461524508,-0.8350453054655894,-0.04573541447962532,mpc_3np1s_wadv_120/frames/frame_000039.png
40,28,28,0,0.005513804168836314,5.513804168836313,0.01082221192878564,0.00890259354582322,-5.1704983865641014e-08,0.0,0.0,0.0004269780441245742,0.00996965056966905,0.6718306631332436,-0.6724639319219577,-0.1,-0.0005334325960688199,-0.9999997017306363,0.00045869714416019343,-0.0003187243855519905,0.017227906573696466,0.7810879836589709,-0.7077829955056398,-0.10000474609529264,-0.9691522323313659,0.24646287867978667,-5.332512414885552e-08,solved,0,1.648516647613064e-05,0.01648516647613064,2.5942430453241837e-05,0.02594243045324184,69.62345858780898,21,0.5484708397165624,0.0030112201536577296,3.0112201536577294,0.0009887798463422705,0.9887798463422706,0.1021183219540026,0.1037862692425963,0.09608454701837817,0.940913884793933,0.9257924744725561,9.338992011663251,0.986745510191961,0.09481099536921304,-0.09434911975037925,0.036103053349513366,-0.014932006558802412,-0.10009294608104291,0.020263083336691246,-0.01850403420350366,-0.09009160426010077,0.03336781055729432,0.001527166061970897,-0.9239196056597674,0.35354138864302287,-0.14622260014738853,-0.9644141446791926,0.19523857524281069,-0.17828980980375364,-0.9376284434464667,0.347275515082691,0.015893982012308336,mpc_3np1s_wadv_120/frames/frame_000040.png
41,28,28,0,0.005472004450731125,5.472004450731125,0.03264081575696362,0.035910126325590735,-5.791194059266694e-07,0.0,0.0,0.0016458024795674435,-0.0019663655112479353,0.6721570712908133,-0.6721048306587019,-0.1,-0.0005334299732638385,-0.9999996979221535,0.00046692615408794476,-0.0003187287751646454,0.01720824291858399,0.7811089127369296,-0.7077796447027317,-0.10000479017989976,-0.9686883577609017,0.2482798129868203,-1.3103229460664432e-06,solved,0,1.47773774393443e-06,0.0014777377439344301,1.5411281974590864e-06,0.0015411281974590863,68.81514733906552,21,0.5926146347549128,0.002925810000005722,2.925810000005722,0.001074189999994278,1.074189999994278,0.022037676900292687,0.02046282144323174,0.021195662947477066,0.9617920728838512,1.0358133166669312,24.485902129177383,0.910063280370106,0.019289394551600086,0.020186582568400255,0.0006620001632480493,-0.008816055986364452,0.020360442029132564,0.0019868520221288932,-0.000481540069027786,0.020929077958697917,0.0033508029081419366,-4.408460711757822e-05,0.9160032003251737,0.030039471321918566,-0.40004470644759127,0.9949968085103417,0.09709570244948124,-0.023532437614416056,0.9874226633326003,0.15808908249037734,-0.00207988809912764,mpc_3np1s_wadv_120/frames/frame_000041.png
42,28,28,0,0.005470536979349316,5.4705369793493155,0.034300351850104084,0.0371218638274252,-6.094887251406546e-07,0.0,0.0,0.0017074002607303607,-0.0019044411364179863,0.6725000748093143,-0.6717336120204276,-0.1,-0.0005334272522564312,-0.9999996938995641,0.000475463152795639,-0.000318733329045408,0.01718919850721981,0.78112928943221,-0.7077760836276052,-0.1000048056097252,-0.9681989631246681,0.25018146974535466,-6.097296727924166e-07,solved,0,3.044147669556848e-07,0.0003044147669556848,3.784681911173772e-07,0.0003784681911173772,68.70727086917712,21,0.5934326052034576,0.0029469965962326083,2.946996596232608,0.0010530034037673918,1.0530034037673917,0.01946838556418205,0.020509998882364412,0.02068553128849543,1.0625190887195437,1.008558382042719,8.954571912221446,0.9878120622788787,0.020433417321422946,0.019450951671050435,0.0004067534257054319,-0.0007162871049999963,0.02024377476816941,0.0032872129571703823,0.00020944752189555604,0.020376695280432955,0.0035610751264458784,-1.54298254451124e-05,0.9991045023700532,0.020893022914739122,-0.03679232171761699,0.9870197889467505,0.16027367802525347,0.010211971394871707,0.9850699504037279,0.17215294481831483,-0.0007459235747884286,mpc_3np1s_wadv_120/frames/frame_000042.png
43,28,28,0,0.0054688894220945175,5.4688894220945174,0.022061298991043313,0.008614809456412322,-5.293385323151452e-07,0.0,0.0,0.00046523570003666496,-0.0019086448472485492,0.6727206877992247,-0.6716474639258635,-0.1,-0.0005334265108243707,-0.9999996927908464,0.00047778933058248966,-0.0003187345698915513,0.017170112058747324,0.7811488434111092,-0.7077752222226903,-0.10000487097715646,-0.9680239787429689,0.25085768180300033,-7.6848406879475e-06,solved,0,1.7003350251791813e-06,0.0017003350251791813,8.160620588167626e-06,0.008160620588167626,84.18467182054053,22,0.40933176305449315,0.0029670474462367346,2.9670474462367347,0.0010329525537632655,1.0329525537632656,0.027821725805485788,0.02197543371317578,0.01957305244765161,0.7035168337325884,0.8906787780901098,43.797873587751894,0.7217859150382179,0.014127553571019247,0.019990401632523178,0.0010424721876488036,-0.01932215104754197,0.02030962903465383,0.002384602889815568,-0.00804688290052813,0.019553978899189417,0.0008614049149535674,-6.536743125951094e-05,0.7185176711281348,0.03746971682983278,-0.6944986512566412,0.9241969601026265,0.108512210541075,-0.3661762951100924,0.9990255199840083,0.0440097382489219,-0.0033396646452737515,mpc_3np1s_wadv_120/frames/frame_000043.png
44,28,28,0,0.00546992494079097,5.469924940790969,0.03312873691394811,0.03745606157593939,-5.628210368011347e-07,0.0,0.0,0.0017141480560698,-0.0018449723751221658,0.6730519751683641,-0.6712729033101041,-0.1,-0.0005334237790135617,-0.9999996886591094,0.00048636006821217525,-0.0003187391417399275,0.017151662334996102,0.7811666930398395,-0.7077760941420951,-0.10000577124902689,-0.9681385029809779,0.25041531409856105,-9.752266501534835e-05,solved,0,6.777809610858564e-06,0.006777809610858564,6.847198951375481e-06,0.006847198951375481,84.14441525154523,22,0.4131554440742677,0.0029862504713973484,2.9862504713973483,0.0010137495286026517,1.0137495286026517,0.019638523789906756,0.01748086114364917,0.017893573670422335,0.91114657404233,1.0236093933463402,8.654832040383768,0.9886128230235679,0.017689816380296413,0.01952399756466962,-0.0007785821743505939,0.001969503881512247,0.015859909000104366,-0.007351095163810051,7.206056175379505e-05,0.017849628730304268,-0.0008719194047879242,-0.0009002718704270718,0.9941682874709761,-0.039645656805973734,0.10028777634113598,0.9072727521702386,-0.4205224847564628,0.004122254685374856,0.9975440937105421,-0.04872807527705809,-0.05031258076273497,mpc_3np1s_wadv_120/frames/frame_000044.png
45,28,28,0,0.005472580793733249,5.472580793733249,0.01585718261834535,0.013448519408213956,-1.4929753846581114e-07,0.0,0.0,0.000646732113192927,0.009937769290275884,0.6732105469945476,-0.671138418116022,-0.1,-0.0005334227483165793,-0.9999996870811577,0.0004895937277688207,-0.00031874086664970017,0.01725104002789886,0.7810699717242744,-0.707765346535965,-0.10000492027780579,-0.967224986641769,0.25392090342568785,-4.394570663478964e-06,solved,0,1.3913253676649325e-05,0.013913253676649326,6.24364348766935e-05,0.0624364348766935,68.71924288102078,21,0.58453587503913,0.0030025401192961504,3.0025401192961505,0.0009974598807038497,0.9974598807038497,0.11505201845103943,0.11997781420083393,0.09732033741310095,0.845881182471525,0.8111527790479159,31.532456216020606,0.8523440489405288,0.08295041043494089,-0.09368481145506256,0.04068097850030969,0.05296395982689585,-0.09998217741147286,0.024273337455582578,0.061717462595589634,-0.0967213155651514,0.010747606130068199,0.0008509712211002274,-0.8142822065736315,0.35358769926858385,0.4603479412178652,-0.83333888083767,0.2023152165028679,0.5144072927706383,-0.9938448441109811,0.11043535622412866,0.008744022510814603,mpc_3np1s_wadv_120/frames/frame_000045.png
46,28,28,0,0.005452873085549984,5.452873085549984,0.03850100977418113,0.03835776668476296,-5.031725299692827e-07,0.0,0.0,0.0017918040583892914,-0.002019207529572324,0.6735955570922895,-0.6707548404491744,-0.1,-0.0005334198926892797,-0.9999996826547456,0.0004985527452375526,-0.0003187456455821348,0.017230847952603136,0.7810916578173576,-0.7077614093817239,-0.10000497722136566,-0.9666748244848287,0.25600738964267106,-1.247281754412838e-05,solved,0,1.4444969624285378e-06,0.0014444969624285379,1.6274846187345268e-06,0.001627484618734527,83.96325496351108,22,0.4110103551005167,0.0029067910774300517,2.906791077430052,0.0010932089225699484,1.0932089225699484,0.023262294502933524,0.021283430475088072,0.022040668304274744,0.9474847075594918,1.0355787489273875,25.606520086525503,0.9017833505137813,0.01987590771099178,0.020946077099980906,0.0019188677423286112,-0.00993549929547164,0.02110690387258085,0.0026138586078916504,-0.0008066999934858154,0.02168609308317304,0.00393715424107377,-5.694355986740618e-05,0.9004303980993565,0.08248832642397463,-0.42710745039440157,0.991705914010721,0.12281190341712683,-0.03790272411348562,0.9839126828548601,0.1786313457795727,-0.0025835677521793697,mpc_3np1s_wadv_120/frames/frame_000046.png
47,28,28,0,0.005450824993685637,5.450824993685637,0.03330234702644832,0.03146230534144823,-5.460267814586912e-07,0.0,0.0,0.0014786421470702,-0.001977970485534946,0.673928580562554,-0.67044021739576,-0.1,-0.0005334175361209727,-0.9999996789415103,0.0005059459536130105,-0.0003187495892591006,0.017211068247747787,0.7811127048880525,-0.7077582022559972,-0.10000499807066959,-0.9662082430876853,0.2577627413343083,-1.3008874007556483e-05,solved,0,1.0964657912780928e-07,0.00010964657912780928,2.6191313986344993e-07,0.00026191313986344993,83.83950960136919,22,0.41819504125905416,0.002927636841511815,2.927636841511815,0.001072363158488185,1.072363158488185,0.019916723895438557,0.021355994048687925,0.02129002759413029,1.0689522888353267,0.9969111035334041,8.731737505166917,0.9884099481695392,0.02104327507084238,0.019840659130892047,0.0004647169337675563,-0.001675760767637447,0.02109768696145764,0.0033043901389584462,0.0002170080493635318,0.021047070694946157,0.0032071257267674014,-2.084930393608797e-05,0.9961808596159768,0.023333000758924433,-0.08413837418418194,0.9879047031647701,0.15472893143840627,0.010161458598873527,0.9885882299536748,0.15063981070891677,-0.0009792990565139603,mpc_3np1s_wadv_120/frames/frame_000047.png
48,28,28,0,0.0054495331587332396,5.44953315873324,0.038363713795396694,0.035445124287402444,-5.137125148567073e-07,0.0,0.0,0.001676559777457838,-0.001988037815590281,0.674312217700508,-0.670085766152886,-0.1,-0.0005334148640885287,-0.9999996746651315,0.000514328749791056,-0.00031875406077982933,0.017191187869591885,0.7811340363153375,-0.7077544377172297,-0.10000502959609849,-0.9656714530575131,0.2597665192181785,-1.5590474925299542e-05,solved,0,5.655965532280257e-07,0.0005655965532280257,5.709822278855828e-07,0.0005709822278855828,83.73557821709683,22,0.424548941909588,0.0029479565722084645,2.9479565722084646,0.0010520434277915356,1.0520434277915356,0.023432819234073827,0.0213541874822868,0.02166108344473556,0.9243908395468704,1.0143716993542051,27.821636948929694,0.8844047877598873,0.019157165906590563,0.020560754063205528,0.0026488739530192017,-0.010924096136073414,0.021105765715900837,0.0032459094998493754,-0.00010976380526717122,0.021331427284998483,0.003764538767492276,-3.152542889239829e-05,0.8774340747402682,0.11304119775598558,-0.46618787210156126,0.9883666017921764,0.1520034186522827,-0.005140153675161829,0.9847811786248765,0.1737927272703987,-0.0014553948316034086,mpc_3np1s_wadv_120/frames/frame_000048.png
49,28,28,0,0.005447796749890962,5.447796749890962,0.03833770583408115,0.036586285937977824,-4.315471969998385e-07,0.0,0.0,0.0017265099817545477,-0.001993508431777903,0.6746955947588488,-0.6697199032935062,-0.1,-0.0005334121124083151,-0.9999996701879025,0.000522961296872088,-0.0003187586654983887,0.017171252785274104,0.78115537164104,-0.707750793164509,-0.10000513161881545,-0.9651477830370114,0.2617054766307634,-2.000517153756034e-05,solved,0,4.057453191180463e-07,0.0004057453191180463,4.0610494678369776e-07,0.0004061049467836978,83.6166896643361,22,0.4315069559253119,0.002968477526145487,2.968477526145487,0.001031522473854513,1.031522473854513,0.02067682324724316,0.02141531275554739,0.021644613556256458,1.0468055608659486,1.0107073290652582,7.661848172125101,0.9910721980652957,0.021451374733472986,0.020560756408120932,0.0013852477298622004,0.0016933411500818988,0.02116271186780594,0.003277355596464915,-0.00011910966567219017,0.021335325702476204,0.0036445527207273898,-0.0001020227169690191,0.9943866213037488,0.06699519134530957,0.0818956147099469,0.9882046603463208,0.1530379515758393,-0.005561892419308058,0.9857106317478764,0.16838151031224663,-0.004713538391611941,mpc_3np1s_wadv_120/frames/frame_000049.png
50,28,28,0,0.0054462657137947235,5.446265713794723,0.0318204576793399,0.03004607172792498,-4.7368951512925626e-07,0.0,0.0,0.0014157631242348507,-0.0018361997731405496,0.6750137993356422,-0.6694194425762269,-0.1,-0.0005334098559611299,-0.999999666460901,0.0005300401101454214,-0.00031876244141639605,0.017152890787542698,0.781172148941275,-0.7077539310807573,-0.10000615804054583,-0.965578910515912,0.2601102701141054,-0.00012226230513034635,solved,0,1.4950685303630077e-06,0.0014950685303630076,1.5085731548852977e-06,0.0015085731548852978,83.50150163607267,22,0.4383444809123528,0.0029890200833543002,2.9890200833543004,0.0010109799166456998,1.0109799166456999,0.018441562828294435,0.016742361369896156,0.0170990602994699,0.9272023449788773,1.0213051744430217,6.722562831084125,0.993124628098148,0.01698149790073885,0.018386115102927106,-0.0013091705525989082,-0.0005727856807346891,0.016089159853183155,-0.004465203981118826,-0.0012278244442553987,0.01677730023497137,-0.003137916248396877,-0.0010264217303740386,0.9969933282833134,-0.07099021730361595,-0.03105949783474306,0.9609851022635613,-0.26670096783047287,-0.07333639605122287,0.9811825878812473,-0.18351395886323402,-0.06002796132638116,mpc_3np1s_wadv_120/frames/frame_000050.png
51,28,28,0,0.0054510936570594404,5.451093657059441,0.00868085874145858,0.00927980362498615,-5.96463823862699e-07,0.0,0.0,0.000408693685629261,-0.0018759365117125215,0.6751006079230568,-0.669326644539977,-0.1,-0.0005334092045790311,-0.9999996653756928,0.000532083577890883,-0.00031876353142193045,0.017134131422425574,0.7811797628957047,-0.7077881017932719,-0.10000688069232552,-0.9695207900035722,0.24500896655664225,-0.0002098992505917624,solved,0,2.51467826943673e-05,0.0251467826943673,2.5165640643512263e-05,0.025165640643512264,83.59612893917286,22,0.43777452316183785,0.003006075498856499,3.0060754988564993,0.000993924501143501,0.9939245011435011,0.01852325193184302,0.017630930070916553,0.03501616942791407,1.8903899572686989,1.986064789949776,63.640057643180896,0.44400884465120183,0.015547488931798862,0.01798762326307587,-0.004414382749126767,-0.0002636217373246386,0.014442723424212822,-0.009968882131339285,-0.0016967098481202036,0.0076139544297193495,-0.0341707125145474,-0.0007226517796943277,0.9710834430834274,-0.2383157539167339,-0.014231936071195508,0.8191696845328144,-0.565420093621927,-0.09623484644857419,0.21744110090036528,-0.9758552426727551,-0.020637659444217978,mpc_3np1s_wadv_120/frames/frame_000051.png
52,28,28,0,0.005485869159283018,5.485869159283018,0.013464696375475241,0.009670643040564059,-2.412734750259804e-08,0.0,0.0,0.0004906857745490999,0.009999863288077155,0.6752352548868116,-0.6692299381095714,-0.1,-0.0005334084225137743,-0.999999664067254,0.0005345370059410479,-0.0003187648401025146,0.017234130055306347,0.7810948878760816,-0.7077409570383172,-0.10000515945656449,-0.9642396054472223,0.2650320414164549,-1.7595785264265485e-05,solved,0,1.2942013842079756e-05,0.012942013842079755,2.4096015783703772e-05,0.02409601578370377,68.90127495478443,21,0.5764312417623919,0.0030162994600233086,3.0162994600233084,0.0009837005399766915,0.9837005399766915,0.10381753826307479,0.10352296790902324,0.09710488931202332,0.9353418597343203,0.938003336586716,9.53208948420437,0.9861930091123993,0.09576416299015074,-0.08985565714649947,0.04967594595316662,-0.015373435641840228,-0.09434951171294337,0.0383283088494224,-0.018604173321196127,-0.0848750196230652,0.04714475495470882,0.0017212357610318918,-0.865515197623009,0.47849281329795385,-0.14808129627273353,-0.9113872372347209,0.3702396639468993,-0.1797105869061406,-0.8740550576226872,0.48550341068018144,0.017725531363319023,mpc_3np1s_wadv_120/frames/frame_000052.png
53,28,28,0,0.005430740760315219,5.430740760315219,0.09808547312922604,0.07720165574416994,-1.9089777768434463e-07,0.0,0.0,0.003806512216690229,-0.001467530675117514,0.6762161096181039,-0.6684579215521297,-0.1,-0.0005334023555058735,-0.9999996537125267,0.0005535695605328745,-0.0003187749921731635,0.01721945474855517,0.7811133217731588,-0.7077300846373347,-0.1000052633124219,-0.9628346389264357,0.27009157246860044,-2.3766338265637363e-05,solved,0,7.0087351755904e-05,0.070087351755904,0.0004140504110032707,0.4140504110032707,83.3038473241722,22,0.43895496147886637,0.0029277453608946673,2.9277453608946673,0.0010722546391053328,1.0722546391053327,0.09415429524128961,0.41703498926741533,0.021401599253741264,0.22730348306357448,0.051318473999834864,72.38541024566331,0.3026126007017912,0.006476393609352157,0.019377620208535364,0.02237707853699415,-0.08938011805534209,0.030243804683083297,0.07995758722745272,-0.40817922386658656,0.0184338970772302,0.01087240098252007,-0.00010385585741401471,0.20580707612835142,0.23766391623078176,-0.949294111609962,0.07252102452173399,0.19172872609060992,-0.9787649342891223,0.8613326910140945,0.5080181557282192,-0.0048527147986783935,mpc_3np1s_wadv_120/frames/frame_000053.png
54,28,28,0,0.005421593515031782,5.421593515031781,0.054671588414709614,0.05021280870741154,-4.942666090245236e-07,0.0,0.0,0.00241024091753672,-0.0018926644901128078,0.676762825502251,-0.6679557934650556,-0.1,-0.000533398513844492,-0.9999996469687309,0.0005656207609068874,-0.000318781420290929,0.017200528103654043,0.7811345460313392,-0.707724002527754,-0.10000528605925964,-0.9619811843006957,0.2731157270167132,-2.6600055809257866e-05,solved,0,4.7021730761713233e-07,0.00047021730761713233,1.0266274652421763e-05,0.010266274652421763,83.00316759026488,22,0.4525079244322882,0.0029443273592243916,2.9443273592243915,0.0010556726407756085,1.0556726407756085,0.02170979341189545,0.02461501912059982,0.02207853504375138,1.0169850364238788,0.8969538043248682,29.249530227307282,0.8725000132882285,0.0192635221190577,0.019342103195138707,0.0013001400314505377,0.009772809722613249,0.021419945658407435,0.006509673292076634,0.010232753682601348,0.02122425818040785,0.006082109580640704,-2.274683773284547e-05,0.8909390719738762,0.05988725948622578,0.450156735128508,0.8701982132722175,0.26445940424351805,0.4157117909381496,0.9613073575012712,0.2754761386381951,-0.001030269340233388,mpc_3np1s_wadv_120/frames/frame_000054.png
55,28,28,0,0.005417553061643482,5.417553061643482,0.04486022252779172,0.03531641217259707,-4.0412095942416655e-07,0.0,0.0,0.0017404733323320722,-0.0020356905987842983,0.6772114277275288,-0.6676026293433297,-0.1,-0.0005333957396714903,-0.999999642008626,0.0005743231244748128,-0.0003187860621083023,0.0171801711976662,0.7811566044991716,-0.7077197204902034,-0.10000533087932773,-0.9613435565369544,0.2753517125209975,-2.677001056047717e-05,solved,0,3.7828043289789955e-07,0.00037828043289789954,5.148755302836821e-07,0.0005148755302836821,82.82294355475581,22,0.4617440208272899,0.00296439486401843,2.96439486401843,0.00103560513598157,1.03560513598157,0.02159059093471444,0.022700538368131063,0.022470288327771492,1.040744479653988,0.9898570669723492,10.362542830269673,0.9836892751814827,0.022103781638264472,0.02116294502115185,0.002467999416870396,0.0034917551203091112,0.022222775071245593,0.004622770902629192,0.0003044659547812856,0.022058467832319906,0.004282037550651374,-4.482006808748107e-05,0.9801929500282921,0.11430902583135055,0.1617257781812211,0.9789536578764054,0.20364146557506446,0.013412279032497337,0.9816726652793943,0.19056442392682232,-0.001994636981675354,mpc_3np1s_wadv_120/frames/frame_000055.png
56,28,28,0,0.005415474724166486,5.4154747241664865,0.028480870050206532,0.023410480379327674,-3.6957306007027756e-07,0.0,0.0,0.0011406404788138825,-0.001961990318163579,0.6774962364280309,-0.6673685245395364,-0.1,-0.0005333939215613829,-0.9999996387168818,0.0005800263248178137,-0.0003187891041669773,0.017160551294484565,0.7811748775939364,-0.7077223892412848,-0.10000609557791745,-0.9617069014099224,0.2740799595666253,-0.00010744525554913865,solved,0,1.1799737841612172e-06,0.0011799737841612173,2.640839171060689e-06,0.0026408391710606893,82.68995822051073,22,0.469318112044812,0.0029855514915865375,2.9855514915865373,0.0010144485084134626,1.0144485084134627,0.022193084141781647,0.018197094107509693,0.018482775455922324,0.832816896373851,1.015699284002424,31.357650470529713,0.8539356624772271,0.01578310110337086,0.01901265785235317,-0.004129397919672975,0.010677073472377816,0.017559431002012182,-0.003608443672087347,-0.0031272593606079813,0.018273094764875708,-0.002668751081458254,-0.0007646985897280523,0.8566929107685005,-0.18606687981229222,0.4810991299887293,0.9649579706666266,-0.1982977969322141,-0.17185487650566164,0.9886553460790203,-0.14439125161817198,-0.04137358004222383,mpc_3np1s_wadv_120/frames/frame_000056.png
