step,mag_x,mag_y,mag_z,pred_x,pred_y,pred_z,meas_x,meas_y,meas_z,meas_ref_err_xy,meas_ref_idx,meas_ref_x,meas_ref_y,meas_ref_z,raw_model_err_xy,nom_corr_resid_xy,pred0_current_resid_xy,nom_ref_err_xy,pred_ref_err_xy,one_step_pred_err_xy,pred_meas_err_xy,pred_meas_err_x,pred_meas_err_y,pred_meas_err_z,model_bias_x,model_bias_y,model_bias_z,i_ref,N_nodes_active,using_upgraded_nodes,left_wall_tan_x,left_wall_tan_y,right_wall_tan_x,right_wall_tan_y,dist_left_center_mm,dist_right_center_mm,dist_left_edge_mm,dist_right_edge_mm,closest_distance_mm,beam_left_wall_angle_deg,beam_right_wall_angle_deg,err_to_center,jac_prev_step,jac_dx_pred_x,jac_dx_pred_y,jac_dx_pred_z,jac_dx_real_x,jac_dx_real_y,jac_dx_real_z,jac_dx_pred_x_mm,jac_dx_pred_y_mm,jac_dx_pred_z_mm,jac_dx_real_x_mm,jac_dx_real_y_mm,jac_dx_real_z_mm,jac_pred_xy_mm,jac_real_xy_mm,jac_gain_real_over_pred,jac_cos_xy,jac_err_x_mm,jac_err_y_mm,jac_err_z_mm,jac_err_xy_mm,jac_err_xyz_mm,jac_interpretation,case,run_id,run_name,meas_ref_err_xy_mm,raw_model_err_xy_mm,nom_corr_resid_xy_mm,pred0_current_resid_xy_mm,nom_ref_err_xy_mm,pred_ref_err_xy_mm,one_step_pred_err_xy_mm,pred_meas_err_xy_mm,err_to_center_mm,jac_gain_abs_err_from_1,jac_angle_xy_deg
0,0.6728748493429851,-0.6812714410713427,-0.0999797189949723,0.811467279710721,-0.6821314655047466,-0.1000096142180436,0.8126316956834889,-0.6816650568073164,-0.100009868526107,0.001280026131884,79,0.8114751957596867,-0.6822136685320831,-0.1000106050625085,0.0006594451128103,8.137232243909324e-12,0.0012543530725739,0.0012800261288449,8.25833005789788e-05,,0.0012543530725739,0.0011644159727679,0.0004664086974301,-2.543080634132e-07,-0.0006066469827512,0.0002585484386498,-6.215871930490002e-06,74,8,False,-0.4091433882713318,-10.0,-1.2183314561843872,-10.0,4.126001553387596,2.767771851530938,4.126001553387596,2.767771851530938,2.767771851530938,5.1871185302734375,9.790451049804688,0.0006690215470425,,,,,,,,,,,,,,,,,,,,,,,,CC,0,Proper-Research,1.2800261318839998,0.6594451128102999,8.137232243909324e-09,1.2543530725739,1.2800261288449002,0.0825833005789788,,1.2543530725739,0.6690215470424999,,
1,0.6724608517675039,-0.68829540992161,-0.0999779948040492,0.8110687364463296,-0.6822093841813892,-0.1000096245495714,0.8117545215876625,-0.6824428434590553,-0.100010427357581,,-1,,,,,,,,,,0.0007244339130668,0.0006857851413328,-0.000233459277666,-8.028080096672552e-07,,,,78,8,False,-0.8504629731178284,-10.0,-3.44271469116211,-10.0,3.299396722868096,3.623956508076162,3.299396722868096,3.623956508076162,3.299396722868096,8.201766967773438,22.337814331054688,0.0006690215470425,0.0,-0.0011644159727679,-0.0004664086974302,2.543080634170608e-07,-0.0008771740958264,-0.0007777866517388,-5.588314740540001e-07,-1.164415972767909,-0.4664086974302399,0.000254308063417,-0.8771740958264385,-0.7777866517388876,-0.000558831474054,1.2543530725739105,1.1723423007006613,0.93461906810689,0.9412660384205104,0.2872418769414707,-0.3113779543086477,-0.000813139537471,0.4236320647664637,0.4236328451550997,mixed_noise_backlash_delay_or_constraints,CC,0,Proper-Research,,,,,,,,0.7244339130668,0.6690215470424999,0.06538093189311,19.734730372373637
2,0.6712472423027592,-0.6803155387620191,-0.0999733324725856,0.8106551265584195,-0.682065857126537,-0.1000095880726878,0.810983883779382,-0.6818639875546754,-0.1000109176592127,,-1,,,,,,,,,,0.0003857883284633,0.0003287572209624,0.0002018695718616,-1.329586524920212e-06,,,,82,8,False,-1.408623218536377,-10.0,-6.723541259765625,-10.0,3.7531476996452966,3.201935003941003,3.7531476996452966,3.201935003941003,3.201935003941003,9.590774536132812,35.48780822753906,0.0006690215470425,,,,,,,,,,,,,,,,,,,,,,,,CC,0,Proper-Research,,,,,,,,0.38578832846329997,0.6690215470424999,,
3,0.6712697407748952,-0.6791103477410264,-0.0999721924381124,0.8102515260016813,-0.6819411013545332,-0.1000095609248225,0.8106538433211008,-0.6815111263792865,-0.1000111275856369,,-1,,,,,,,,,,0.000588844380837,0.0004023173194195,0.0004299749752467,-1.5666608144115912e-06,,,,84,8,False,-1.7042356729507446,-10.0,-8.220876693725586,-10.0,4.023170567111265,2.950573280336016,4.023170567111265,2.950573280336016,2.950573280336016,10.324615478515623,40.076171875,0.0006690215470425,,,,,,,,,,,,,,,,,,,,,,,,CC,0,Proper-Research,,,,,,,,0.588844380837,0.6690215470424999,,
4,0.6718821310455426,-0.6791440459787804,-0.099997895648054,0.8098557922531645,-0.6817797650024651,-0.1000100820230652,0.810069804267271,-0.6815559378704907,-0.1000114994197319,,-1,,,,,,,,,,0.0003096768108686,0.0002140120141065,0.0002238271319743,-1.4173966666197746e-06,,,,86,8,False,-2.2552666664123535,-10.0,-10.742300987243652,-10.0,3.806474501634853,3.190600988519577,3.806474501634853,3.190600988519577,3.190600988519577,13.789474487304688,48.129913330078125,0.0006690215470425,,,,,,,,,,,,,,,,,,,,,,,,CC,0,Proper-Research,,,,,,,,0.3096768108686,0.6690215470424999,,
5,0.6732846936228748,-0.6751278615009271,-0.0999766017045178,0.8087996080109172,-0.6811424124912592,-0.1000111956140599,0.8099048651185767,-0.6810533819820398,-0.1000116041614308,0.0011090046697291,93,0.8087998567154694,-0.6811474446555252,-0.1000123076805191,0.0009226155057499,2.629464917366832e-12,0.0011088370960622,0.0011090046695998,5.038306377632763e-06,0.0018982632693272,0.0011088370960622,0.0011052571076595,8.903050921937883e-05,-4.085473709614096e-07,-0.0006313236313107,0.0006727925713017,-9.156376618038586e-06,88,8,False,-2.412867784500122,-10.0,-11.386322975158691,-10.0,4.213478059524277,2.800033522946137,4.213478059524277,2.800033522946137,2.800033522946137,13.540084838867188,48.68354797363281,0.000709918097788,,,,,,,,,,,,,,,,,,,,,,,,CC,0,Proper-Research,1.1090046697290998,0.9226155057498999,2.629464917366832e-09,1.1088370960622,1.1090046695998,0.005038306377632763,1.8982632693272,1.1088370960622,0.709918097788,,
6,0.6731641607988229,-0.6756446737064868,-0.1000129221054392,0.8084965305248806,-0.6808662484967155,-0.1000112262838175,0.808926182621937,-0.6808286144844669,-0.1000122270928667,,-1,,,,,,,,,,0.000431297163662,0.0004296520970564,3.7634012248655146e-05,-1.0008090492036326e-06,,,,94,8,False,-3.5165483951568604,-10.0,-13.89678192138672,-10.0,3.7361731046071327,3.1245181456851014,3.7361731046071327,3.1245181456851014,3.1245181456851014,19.11187744140625,53.99895477294922,0.000709918097788,5.0,-0.0011052571076594,-8.903050921942645e-05,4.085473709553766e-07,-0.0009786824966396,0.0002247674975729,-6.229314359340599e-07,-1.10525710765949,-0.0890305092194264,0.0004085473709553,-0.9786824966396824,0.2247674975729419,-0.000622931435934,1.1088370960622178,1.0041612705109095,0.9055985529085931,0.9535070807166952,0.1265746110198078,0.3137980067923683,-0.0010314788068894,0.3383641843069075,0.3383657564976219,mixed_noise_backlash_delay_or_constraints,CC,0,Proper-Research,,,,,,,,0.431297163662,0.709918097788,0.09440144709140685,17.539943988154914
7,0.6740072496934785,-0.663720008766454,-0.0999849780639201,0.8082094710116206,-0.680554411328808,-0.1000110789534658,0.8083923162179181,-0.6796492893695785,-0.1000125663483492,,-1,,,,,,,,,,0.0009234057236911,0.0001828452062975,0.0009051219592295,-1.4873948833010742e-06,,,,100,8,False,-4.466058254241943,-10.0,-14.6741943359375,-10.0,4.108871299300517,2.6208328613302,4.108871299300517,2.6208328613302,2.6208328613302,18.4891357421875,50.15013122558594,0.000709918097788,,,,,,,,,,,,,,,,,,,,,,,,CC,0,Proper-Research,,,,,,,,0.9234057236911,0.709918097788,,
8,0.67545155612574,-0.6613478303832627,-0.0999715164397423,0.8079357632404323,-0.6802384538657535,-0.100011327008332,0.8079587436287731,-0.6795899229009764,-0.1000128423382611,,-1,,,,,,,,,,0.0006489379866543,2.2980388340809732e-05,0.0006485309647771,-1.515329929133169e-06,,,,101,8,False,-5.471071243286133,-10.0,-15.273014068603516,-10.0,3.8201065489341777,2.9034672637327503,3.8201065489341777,2.9034672637327503,2.9034672637327503,23.504119873046875,51.60597229003906,0.000709918097788,,,,,,,,,,,,,,,,,,,,,,,,CC,0,Proper-Research,,,,,,,,0.6489379866542999,0.709918097788,,
9,0.6779358227804972,-0.6578868850999794,-0.0999897043566705,0.8076714955992534,-0.6799190734265375,-0.1000131450553412,0.8076543871117392,-0.679477193290589,-0.1000130360388801,,-1,,,,,,,,,,0.000442211210725,-1.71084875142391e-05,0.0004418801359484,1.090164610251243e-07,,,,103,8,False,-6.301559925079346,-10.0,-15.43697452545166,-10.0,3.6635499146628945,3.0616367391152153,3.6635499146628945,3.0616367391152153,3.0616367391152153,26.317855834960938,51.165557861328125,0.000709918097788,,,,,,,,,,,,,,,,,,,,,,,,CC,0,Proper-Research,,,,,,,,0.44221121072499997,0.709918097788,,
10,0.682387604121717,-0.6458998720821361,-0.1000092928574146,0.8065710735017205,-0.6787952419059498,-0.1002755361561575,0.8076113070017349,-0.6792306875325154,-0.1000130633361079,0.0011635414312725,109,0.8066291675345867,-0.6786068039461328,-0.1000136882603988,0.0003126116804274,2.219768281933867e-10,0.0011276961595426,0.001163541284807,0.0001971897090484,0.0022509446031183,0.0011276961595426,0.0010402335000143,-0.0004354456265656,0.0002624728200496,-0.0002591405335706,-0.0001748492110373,-1.10795345117376e-05,104,8,False,-6.425614833831787,-10.0,-15.434267044067385,-10.0,3.791911167097396,2.939059359907901,3.791911167097396,2.939059359907901,2.939059359907901,24.71888732910156,49.05607604980469,0.0003873520997886,,,,,,,,,,,,,,,,,,,,,,,,CC,0,Proper-Research,1.1635414312725,0.3126116804274,2.2197682819338672e-07,1.1276961595425998,1.163541284807,0.1971897090484,2.2509446031183002,1.1276961595425998,0.3873520997886,,
11,0.6892009538874184,-0.6309088014376592,-0.1000141069215841,0.8062991421305682,-0.6785173914090343,-0.1001367591730761,0.8066688682578619,-0.6786320067091131,-0.1000136629992668,,-1,,,,,,,,,,0.0003870840686669,0.0003697261272936,-0.0001146153000787,0.0001230961738092,,,,109,8,False,-9.13011360168457,-10.0,-14.294114112854004,-10.0,3.4546130405935855,3.3244415849516145,3.4546130405935855,3.3244415849516145,3.3244415849516145,31.38330078125,44.01066589355469,0.0003873520997886,10.0,-0.0010402335000143,0.0004354456265656,-0.0002624728200496,-0.000942438743873,0.0005986808234023,-5.996631589622048e-07,-1.0402335000143763,0.4354456265656085,-0.2624728200496226,-0.9424387438730086,0.5986808234023089,-0.0005996631589622,1.1276961595426644,1.1165166878567472,0.9900864496332614,0.9856696148585292,0.0977947561413676,0.1632351968367003,0.2618731568906604,0.1902880548407226,0.3237083473050182,mixed_noise_backlash_delay_or_constraints,CC,0,Proper-Research,,,,,,,,0.38708406866690004,0.3873520997886,0.009913550366738577,9.711505566898573
12,0.6971380068956912,-0.6159391149795009,-0.1000161332794669,0.8060747618950413,-0.67809013144717,-0.1002075568761701,0.806327544261959,-0.6781139188601273,-0.1000138800229378,,-1,,,,,,,,,,0.0002538991257166,0.0002527823669176,-2.378741295727682e-05,0.0001936768532323,,,,112,8,False,-9.979485511779783,-10.0,-13.729408264160156,-10.0,3.4963274835664606,3.2957336435674733,3.4963274835664606,3.2957336435674733,3.2957336435674733,31.155975341796875,40.14659118652344,0.0003873520997886,,,,,,,,,,,,,,,,,,,,,,,,CC,0,Proper-Research,,,,,,,,0.25389912571659995,0.3873520997886,,
13,0.7053703809010213,-0.6010886260244517,-0.0999932853845272,0.8058533385954061,-0.6776668683307149,-0.1002259413437883,0.8063126492630032,-0.6777562441856694,-0.1000138893190557,,-1,,,,,,,,,,0.0004679255633295,0.000459310667597,-8.937585495449873e-05,0.0002120520247326,,,,113,8,False,-10.014364242553713,-10.0,-13.70851230621338,-10.0,3.689006958028586,3.100134470870102,3.689006958028586,3.100134470870102,3.100134470870102,29.2020263671875,38.05113220214844,0.0003873520997886,,,,,,,,,,,,,,,,,,,,,,,,CC,0,Proper-Research,,,,,,,,0.4679255633295,0.3873520997886,,
14,0.7120001753358192,-0.5890845489942971,-0.1000001867750307,0.8056279111542282,-0.6772711802347202,-0.1002057754285839,0.8061350338285914,-0.6773674689696138,-0.1000140021900018,,-1,,,,,,,,,,0.0005161830366456,0.0005071226743632,-9.628873489353484e-05,0.0001917732385821,,,,115,8,False,-10.374897003173828,-10.0,-13.477706909179688,-10.0,3.753606433166397,3.02201351000042,3.753606433166397,3.02201351000042,3.02201351000042,28.042709350585938,35.41444396972656,0.0003873520997886,,,,,,,,,,,,,,,,,,,,,,,,CC,0,Proper-Research,,,,,,,,0.5161830366456,0.3873520997886,,
15,0.717524131276717,-0.5791997609937376,-0.1000159194654599,0.8050175081062464,-0.6764777631241876,-0.0998740328908098,0.8058745913819783,-0.6771031254783725,-0.1000141678550761,0.0010861350704481,122,0.805055045890132,-0.6763903600344486,-0.1000146892225408,0.0006205386732634,1.6056275411381734e-07,0.0010609758788826,0.0010861573876292,9.512300097748256e-05,0.0018298484493524,0.0010609758788826,0.0008570832757318,-0.0006253623541848,-0.0001401349642662,0.0002414962577251,-0.0005716185813287,-7.162029608723253e-06,117,8,False,-10.81078815460205,-10.0,-13.290241241455078,-10.0,3.6697898543558263,3.085918338447982,3.6697898543558263,3.085918338447982,3.085918338447982,27.6314697265625,33.441375732421875,0.0002937555047221,,,,,,,,,,,,,,,,,,,,,,,,CC,0,Proper-Research,1.0861350704481,0.6205386732634001,0.00016056275411381734,1.0609758788826,1.0861573876291999,0.09512300097748255,1.8298484493523999,1.0609758788826,0.2937555047221,,
16,0.7325274257035271,-0.5690760185339824,-0.0999777276992022,0.8048064958505858,-0.6761054480416756,-0.0997908282565148,0.8053460413251943,-0.6763960577001098,-0.1000145039720909,,-1,,,,,,,,,,0.0006128321897107,0.0005395454746084,-0.0002906096584341,-0.000223675715576,,,,121,8,False,-11.448260307312012,-10.0,-13.548051834106444,-10.0,3.545955564697465,3.128710999163104,3.545955564697465,3.128710999163104,3.128710999163104,25.600418090820312,30.305938720703125,0.0002937555047221,15.0,-0.0008570832757318,0.0006253623541848,0.0001401349642662,-0.0005285500567839,0.0007070677782626,-3.361170147209158e-07,-0.8570832757318797,0.6253623541848194,0.1401349642662948,-0.5285500567839829,0.7070677782626822,-0.0003361170147209,1.060975878882677,0.882785367789746,0.8320503646957219,0.9557662456436012,0.3285332189478968,0.0817054240778627,-0.1404710812810157,0.3385407690013273,0.3665269116344226,mixed_noise_backlash_delay_or_constraints,CC,0,Proper-Research,,,,,,,,0.6128321897107,0.2937555047221,0.1679496353042781,17.105215382327685
17,0.7475107484557233,-0.5596675778727416,-0.0999864409562896,0.8046006513894817,-0.6757396938233093,-0.0996673065370591,0.8050801927419449,-0.675730441458534,-0.1000146728697742,,-1,,,,,,,,,,0.0004796306026268,0.0004795413524631,9.252364775336195e-06,-0.0003473663327151,,,,125,8,False,-11.688644409179688,-10.0,-13.769312858581545,-10.0,3.672250576610395,2.9870697507361683,3.672250576610395,2.9870697507361683,2.9870697507361683,22.308746337890625,26.867645263671875,0.0002937555047221,,,,,,,,,,,,,,,,,,,,,,,,CC,0,Proper-Research,,,,,,,,0.4796306026268,0.2937555047221,,
18,0.7625028505576728,-0.5519790213117387,-0.1000122434362122,0.8043952964915262,-0.6753733681560244,-0.0995516106602028,0.8048957062728869,-0.6755064631015439,-0.1000147902008074,,-1,,,,,,,,,,0.0005178071202719,0.0005004097813606,-0.0001330949455194,-0.0004631795406045,,,,126,8,False,-11.845588684082031,-10.0,-13.963651657104492,-10.0,3.643127059509993,3.022332586804737,3.643127059509993,3.022332586804737,3.022332586804737,21.59361267089844,26.1563720703125,0.0002937555047221,,,,,,,,,,,,,,,,,,,,,,,,CC,0,Proper-Research,,,,,,,,0.5178071202719,0.2937555047221,,
19,0.7699856097710532,-0.5463440693965024,-0.099987213357388,0.804178483731832,-0.6749961099010436,-0.0994932513529142,0.8047215395607739,-0.6755248896296575,-0.1000149010883617,,-1,,,,,,,,,,0.0007579694154388,0.0005430558289418,-0.0005287797286138,-0.0005216497354475,,,,126,8,False,-12.001069068908691,-10.0,-14.192157745361328,-10.0,3.489005446778038,3.1794097817894453,3.489005446778038,3.1794097817894453,3.1794097817894453,21.71209716796875,26.34608459472656,0.0002937555047221,,,,,,,,,,,,,,,,,,,,,,,,CC,0,Proper-Research,,,,,,,,0.7579694154388,0.2937555047221,,
20,0.7699967158174859,-0.542855883061925,-0.0999873659264588,0.8039503918023213,-0.6746127022931728,-0.1000110534662935,0.8043465279315751,-0.675695516151036,-0.10001513991703,0.0011527551693554,132,0.8039544799819762,-0.674611476075351,-0.1000153889377336,0.001239143651479,4.910095407844208e-07,0.0011530002964789,0.0011524749297767,4.268117036522502e-06,0.0010305943536653,0.0011530002964789,0.0003961361292538,-0.0010828138578631,-4.086450736531799e-06,-6.960356545904212e-06,-0.0012391241029201,-7.668295336674125e-06,127,8,False,-12.48477268218994,-10.0,-14.780991554260254,-10.0,3.083170301593782,3.587580540086151,3.083170301593782,3.587580540086151,3.083170301593782,24.064849853515625,28.678634643554688,0.0002803555373717,,,,,,,,,,,,,,,,,,,,,,,,CC,0,Proper-Research,1.1527551693554001,1.239143651479,0.0004910095407844209,1.1530002964789,1.1524749297767,0.004268117036522502,1.0305943536653002,1.1530002964789,0.2803555373717,,
21,0.7699903689888602,-0.5408578179424798,-0.0999805566073912,0.803697521598156,-0.6742796354879247,-0.1000076965919451,0.8036337755549108,-0.6754804835030446,-0.1000155935571918,,-1,,,,,,,,,,0.0012025387783546,-6.374604324521638e-05,-0.0012008480151198,-7.896965246750876e-06,,,,129,8,False,-14.079302787780762,-10.0,-15.797707557678224,-10.0,2.624087396242317,4.080744048605084,2.624087396242317,4.080744048605084,2.624087396242317,27.257888793945312,30.30870056152344,0.0002803555373717,20.0,-0.0003961361292537,0.0010828138578631,4.086450736533264e-06,-0.0007127523766643,0.0002150326479913,-4.536401618238095e-07,-0.3961361292537861,1.082813857863104,0.0040864507365332,-0.7127523766643495,0.2150326479913866,-0.0004536401618238,1.153000296478952,0.7444830354970262,0.6456919717408979,0.6001784763646816,-0.3166162474105634,-0.8677812098717173,-0.004540090898357,0.9237370168672296,0.9237481738851416,mixed_noise_backlash_delay_or_constraints,CC,0,Proper-Research,,,,,,,,1.2025387783546,0.2803555373717,0.3543080282591021,53.11731885643397
22,0.7700092719910068,-0.5376408018353546,-0.37,0.8030069558244309,-0.6738379717920046,-0.0999759586763672,0.8031242110554973,-0.6752189550817249,-0.100015917819732,0.0014426608175772,137,0.8033108323508067,-0.6737884157684904,-0.1000157982677017,0.001542854350213,0.0,0.0013859522487081,0.0014426608175772,0.0003078907967912,,0.0013859522487081,0.0001172552310663,-0.0013809832897203,-3.995914336479833e-05,-0.0001107199843972,-0.0015388764183735,-1.4472286515104791e-05,132,13,True,-14.94167423248291,-10.0,-15.57502555847168,-10.0,2.3555175890257942,4.38384713102073,2.3555175890257942,4.38384713102073,2.3555175890257942,27.693862915039062,28.784408569335938,0.001028774627147,,,,,,,,,,,,,,,,,,,,,,,,CC,0,Proper-Research,1.4426608175772,1.542854350213,0.0,1.3859522487081002,1.4426608175772,0.30789079679119996,,1.3859522487081002,1.028774627147,,
23,0.7692456159143232,-0.5412545839779832,-0.0999953756053202,0.8030644463252041,-0.6734629210354521,-0.0997886018942959,0.8027522579339103,-0.67428381899877,-0.1000161541252446,,-1,,,,,,,,,,0.000878256829087,-0.0003121883912938,-0.0008208979633178,-0.0002275522309487,,,,137,13,True,-15.255498886108398,-10.0,-15.040970802307127,-10.0,2.5637874567967174,4.170912340973928,2.5637874567967174,4.170912340973928,2.5637874567967174,23.996307373046875,23.62322998046875,0.001028774627147,22.0,-0.0001172552310663,0.0013809832897203,3.995914336479632e-05,-0.0003719531215869,0.0009351360829549,-2.3630551264364197e-07,-0.1172552310663497,1.380983289720341,0.0399591433647963,-0.3719531215869986,0.9351360829549238,-0.0002363055126436,1.385952248708172,1.0063938683748976,0.726138918990034,0.957131162043813,-0.2546978905206489,-0.4458472067654171,-0.0401954488774399,0.5134693245133471,0.5150402133102346,direction_ok_jac_too_sensitive,CC,0,Proper-Research,,,,,,,,0.878256829087,1.028774627147,0.273861081009966,16.837294200845136
24,0.7679931057143783,-0.5390852827508531,-0.1000088386068955,0.802887528447585,-0.6731166678580218,-0.0996778528071624,0.8025945183556701,-0.6737334385054163,-0.1000162542586411,,-1,,,,,,,,,,0.0006828330289693,-0.0002930100919149,-0.0006167706473945,-0.0003384014514786,,,,139,13,True,-15.35887050628662,-10.0,-15.011122703552246,-10.0,2.7258166461973588,3.904513759276142,2.7258166461973588,3.904513759276142,2.7258166461973588,21.732894897460938,21.130157470703125,0.001028774627147,,,,,,,,,,,,,,,,,,,,,,,,CC,0,Proper-Research,,,,,,,,0.6828330289693,1.028774627147,,
25,0.7672428339178657,-0.539009196622483,-0.0999847526538208,0.8022852582798077,-0.6728350699963105,-0.0995183853188681,0.802407518584507,-0.6734759830678588,-0.1000163731722519,,-1,,,,,,,,,,0.0006524700356236,0.0001222603046993,-0.0006409130715483,-0.0004979878533837,,,,141,13,True,-15.468376159667969,-10.0,-15.112619400024414,-10.0,2.704613798582841,3.863739574545775,2.704613798582841,3.863739574545775,2.704613798582841,21.46600341796875,20.855316162109375,0.001028774627147,,,,,,,,,,,,,,,,,,,,,,,,CC,0,Proper-Research,,,,,,,,0.6524700356236001,1.028774627147,,
26,0.7673387533741409,-0.5436114016633906,-0.0999867043973694,0.801896084572144,-0.6725125931406266,-0.0993837213781014,0.8022052666764304,-0.672571971581756,-0.1000165014588482,,-1,,,,,,,,,,0.0003148322932641,0.0003091821042864,-5.937844112935409e-05,-0.0006327800807468,,,,145,13,True,-15.564091682434082,-10.0,-15.379100799560549,-10.0,3.0212572785774228,3.4326782075138453,3.0212572785774228,3.4326782075138453,3.0212572785774228,17.59918212890625,17.286849975585938,0.001028774627147,,,,,,,,,,,,,,,,,,,,,,,,CC,0,Proper-Research,,,,,,,,0.3148322932641,1.028774627147,,
27,0.7674070652699837,-0.5460384673264395,-0.099988964844795,0.8019246986757513,-0.6709994750782347,-0.1000178317063854,0.8023508397855922,-0.6718237575506938,-0.1000164083943596,0.0010068041441014,152,0.8015783167087265,-0.6711781085126788,-0.1000168998613943,0.0020591092607968,7.999080040301209e-07,0.0009279212466043,0.0010075560272483,0.0003897311521822,0.0021183831726863,0.0009279212466043,0.0004261411098408,-0.0008242824724591,1.4233120258083654e-06,-0.0012538023753244,-0.0016333739778539,6.605724427830029e-06,147,13,True,-15.496427536010742,-10.0,-15.167383193969728,-10.0,3.551254518769156,2.870830749810352,3.551254518769156,2.870830749810352,2.870830749810352,13.429779052734377,12.867095947265623,0.0003404395841678,,,,,,,,,,,,,,,,,,,,,,,,CC,0,Proper-Research,1.0068041441014,2.0591092607968,0.0007999080040301209,0.9279212466043,1.0075560272483,0.3897311521822,2.1183831726863,0.9279212466043,0.3404395841678,,
28,0.7668674582423984,-0.5447981467464612,-0.0999926628555294,0.80171867492304,-0.6706365223780483,-0.0999378255393024,0.8021320204385278,-0.6708251211175149,-0.1000165471788184,,-1,,,,,,,,,,0.0004543390800957,0.0004133455154877,-0.0001885987394666,-7.872163951605504e-05,,,,152,13,True,-15.59122085571289,-10.0,-15.520012855529783,-10.0,3.919795744002045,2.539771350701585,3.919795744002045,2.539771350701585,2.539771350701585,10.270965576171877,10.151657104492188,0.0003404395841678,27.0,-0.0004261411098408,0.0008242824724591,-1.423312025814482e-06,-0.0002188193470643,0.0009986364331788,-1.387844588418563e-07,-0.4261411098408382,0.824282472459172,-0.0014233120258144,-0.2188193470643584,0.9986364331788788,-0.0001387844588418,0.9279212466043586,1.0223290235153777,1.1017411511534565,0.966019425294651,0.2073217627764798,0.1743539607197068,0.0012845275669726,0.2708904150009668,0.2708934605162449,mixed_noise_backlash_delay_or_constraints,CC,0,Proper-Research,,,,,,,,0.4543390800957,0.3404395841678,0.1017411511534565,14.97926562175412
29,0.7666109020125098,-0.5440264338599197,-0.0999876654240604,0.8015019305817996,-0.6702795655845136,-0.0999946195790814,0.80208983385257,-0.6701041635556843,-0.1000165736600444,,-1,,,,,,,,,,0.0006135113100017,0.0005879032707704,0.0001754020288293,-2.195408096296314e-05,,,,155,13,True,-15.605565071105955,-10.0,-15.607701301574709,-10.0,4.278018374525118,2.234508923286512,4.278018374525118,2.234508923286512,2.234508923286512,7.0947265625,7.098297119140625,0.0003404395841678,,,,,,,,,,,,,,,,,,,,,,,,CC,0,Proper-Research,,,,,,,,0.6135113100017,0.3404395841678,,
30,0.7666131565853556,-0.5435735303047979,-0.1000103261888402,0.8010274907887764,-0.6700554304651755,-0.1000016674001099,0.8018387787230328,-0.6695740158866738,-0.1000167332104968,,-1,,,,,,,,,,0.0009433706104516,0.0008112879342563,0.0004814145785017,-1.5065810386835632e-05,,,,158,13,True,-15.658059120178224,-10.0,-16.278465270996094,-10.0,4.345455111641741,2.175759270381036,4.345455111641741,2.175759270381036,2.175759270381036,5.964630126953125,6.96612548828125,0.0003404395841678,,,,,,,,,,,,,,,,,,,,,,,,CC,0,Proper-Research,,,,,,,,0.9433706104516,0.3404395841678,,
31,0.7669098034281472,-0.5434592748378332,-0.0999883200088704,0.8005642867965179,-0.6698255062733013,-0.0999961751236902,0.8018312590408467,-0.6689183510124284,-0.1000167376561042,,-1,,,,,,,,,,0.0015582520127466,0.0012669722443288,0.0009071552608729,-2.0562532414031276e-05,,,,160,13,True,-15.659012794494627,-10.0,-16.2960205078125,-10.0,4.674702125406839,1.828245715717742,4.674702125406839,1.828245715717742,1.828245715717742,3.858245849609375,4.88568115234375,0.0003404395841678,,,,,,,,,,,,,,,,,,,,,,,,CC,0,Proper-Research,,,,,,,,1.5582520127466,0.3404395841678,,
32,0.7673002524733626,-0.543440578633874,-0.1000134653376721,0.8010544629764846,-0.6677143962560477,-0.1000046016087365,0.8016597179378554,-0.6685754482858134,-0.1000168466839089,0.0017706053095376,167,0.7998896630782654,-0.6685313013017207,-0.1000179735126528,0.001243671800578,9.691339269673566e-09,0.0010524942594748,0.0017706005152388,0.0014227061033599,0.0024384668711778,0.0010524942594748,0.0006052549613707,-0.0008610520297657,-1.2245075172306883e-05,-1.8247906481305695e-05,-0.0012435379211999,-1.3601642444946438e-05,162,13,True,-15.66990566253662,-10.0,-16.6789493560791,-10.0,4.696442020986069,1.7814859313915008,4.696442020986069,1.7814859313915008,1.7814859313915008,2.9992523193359375,4.5985870361328125,0.0014794522310441,,,,,,,,,,,,,,,,,,,,,,,,CC,0,Proper-Research,1.7706053095376,1.2436718005779999,9.691339269673566e-06,1.0524942594748,1.7706005152388,1.4227061033599,2.4384668711777997,1.0524942594748,1.4794522310440998,,
33,0.7657806962208292,-0.5418402350189312,-0.0999743917656933,0.800813752109543,-0.6673727673773133,-0.0999925412254437,0.8015295592972876,-0.6673186292403708,-0.1000169288907171,,-1,,,,,,,,,,0.000717851563973,0.0007158071877446,5.413813694254976e-05,-2.4387665273337137e-05,,,,168,13,True,-15.65935516357422,-10.0,-16.90153694152832,-10.0,5.202865886271638,1.1840033409378066,5.202865886271638,1.1840033409378066,1.1840033409378066,0.2398529052734375,1.71075439453125,0.0014794522310441,32.0,-0.0006052549613708,0.0008610520297657,1.2245075172303436e-05,-0.0001301586405677,0.0012568190454426,-8.220680820791859e-08,-0.6052549613708094,0.8610520297657632,0.0122450751723034,-0.1301586405677568,1.2568190454426142,-8.220680820791859e-05,1.052494259474949,1.263540812440077,1.200520382761889,0.8729916147897447,0.4750963208030526,0.3957670156768509,-0.0123272819805113,0.618342983091389,0.6184658491941046,direction_ok_jac_not_sensitive_enough,CC,0,Proper-Research,,,,,,,,0.717851563973,1.4794522310440998,0.2005203827618891,29.19183225228704
0,0.6731311734704194,-0.6812581317466296,-0.0999761501600503,0.8114667506251763,-0.6821255922420804,-0.1000096494214713,0.8126183225229364,-0.6815979324982195,-0.1000098770047555,0.0012984104359776,79,0.8114751957596867,-0.6822136685320831,-0.1000106050625085,0.0007911788772794,5.4651849029955574e-14,0.0012667054278727,0.0012984104359239,8.848024162233216e-05,,0.0012667054278727,0.0011515718977601,0.0005276597438608,-2.275832841902581e-07,-0.000724964059558,0.0003168455904731,-6.1762269317061635e-06,74,8,False,-0.4144819378852844,-10.0,-1.2362576723098757,-10.0,4.19264884211907,2.701590327648318,4.19264884211907,2.701590327648318,2.701590327648318,4.151336669921875,8.825439453125,0.0007331751766235,,,,,,,,,,,,,,,,,,,,,,,,CC,1,Proper-Research,1.2984104359776,0.7911788772794,5.465184902995557e-11,1.2667054278727001,1.2984104359239,0.08848024162233216,,1.2667054278727001,0.7331751766235,,
1,0.6726895583942032,-0.6896133355631802,-0.1000042610033033,0.8110690057611213,-0.6822124286835285,-0.1000096841343566,0.8117118321123133,-0.6826178551644339,-0.1000104546257135,,-1,,,,,,,,,,0.0007599975981581,0.000642826351192,-0.0004054264809053,-7.704913569522853e-07,,,,78,8,False,-0.8772565126419067,-10.0,-3.606276512145996,-10.0,3.1206463086880376,3.8030999492317505,3.1206463086880376,3.8030999492317505,3.1206463086880376,8.926895141601562,23.744125366210938,0.0007331751766235,0.0,-0.0011515718977601,-0.0005276597438608,2.2758328418634225e-07,-0.000906490410623,-0.0010199226662143,-5.776209580365954e-07,-1.1515718977601863,-0.5276597438608454,0.0002275832841863,-0.9064904106230732,-1.0199226662143124,-0.0005776209580365,1.2667054278727512,1.3645391564954443,1.0772347898672512,0.9152955344425584,0.2450814871371132,-0.4922629223534671,-0.0008052042422229,0.5498979178550457,0.5498985073767579,mixed_noise_backlash_delay_or_constraints,CC,1,Proper-Research,,,,,,,,0.7599975981581,0.7331751766235,0.07723478986725119,23.752268228689584
2,0.6713689529431686,-0.6818228203781612,-0.0999955722270783,0.8106552671589068,-0.6820674361434865,-0.1000096673570509,0.8109806490525644,-0.6821088371502179,-0.1000109198460584,,-1,,,,,,,,,,0.0003280052134929,0.0003253818936576,-4.140100673133418e-05,-1.2524890074666617e-06,,,,81,8,False,-1.4114084243774414,-10.0,-6.739023685455322,-10.0,3.51237539809847,3.440428427916572,3.51237539809847,3.440428427916572,3.440428427916572,10.013778686523438,35.95619201660156,0.0007331751766235,,,,,,,,,,,,,,,,,,,,,,,,CC,1,Proper-Research,,,,,,,,0.32800521349289996,0.7331751766235,,
3,0.6712746122168994,-0.6805906387960542,-0.0999935699322159,0.8102514728546097,-0.6819405028213177,-0.1000096605047669,0.8106686578746155,-0.6817682374624217,-0.1000111182883433,,-1,,,,,,,,,,0.0004513520740982,0.0004171850200057,0.000172265358896,-1.4577835764223446e-06,,,,83,8,False,-1.690596342086792,-10.0,-8.154622077941895,-10.0,3.7778763944394314,3.192634496998153,3.7778763944394314,3.192634496998153,3.192634496998153,10.444686889648438,40.04498291015625,0.0007331751766235,,,,,,,,,,,,,,,,,,,,,,,,CC,1,Proper-Research,,,,,,,,0.4513520740982,0.7331751766235,,
4,0.6717995995389706,-0.6806155986591539,-0.09996785849453,0.8098555361525542,-0.6817768381343787,-0.1000101893071646,0.8101950401462911,-0.6815930769555818,-0.1000114197114554,,-1,,,,,,,,,,0.0003860455058618,0.0003395039937368,0.0001837611787969,-1.2304042908140025e-06,,,,86,8,False,-2.140791177749634,-10.0,-10.227676391601562,-10.0,3.812563389010847,3.1789289844467703,3.812563389010847,3.1789289844467703,3.1789289844467703,13.013763427734377,46.57521057128906,0.0007331751766235,,,,,,,,,,,,,,,,,,,,,,,,CC,1,Proper-Research,,,,,,,,0.3860455058618,0.7331751766235,,
5,0.6731342850889674,-0.676503139810735,-0.1000111434346123,0.8087995784595711,-0.6811430990906626,-0.1000112441048843,0.8098884372269848,-0.6810816350713557,-0.1000116146344683,0.0010905679398458,93,0.8087998567154694,-0.6811474446555252,-0.1000123076805191,0.0009918384732472,3.040135125568647e-12,0.0010905921515594,0.0010905679397844,4.35446441255066e-06,0.0018923318306307,0.0010905921515594,0.0010888587674137,6.1464019306956e-05,-3.705295839873113e-07,-0.0006515481834387,0.0007478158340602,-8.865040735689389e-06,88,8,False,-2.4283926486968994,-10.0,-11.450304985046388,-10.0,4.181057819545231,2.8326302734977844,4.181057819545231,2.8326302734977844,2.8326302734977844,13.08636474609375,48.304931640625,0.0006778112285914,,,,,,,,,,,,,,,,,,,,,,,,CC,1,Proper-Research,1.0905679398458,0.9918384732472,3.0401351255686473e-09,1.0905921515594001,1.0905679397844,0.00435446441255066,1.8923318306307,1.0905921515594001,0.6778112285914,,
6,0.6730574228256647,-0.6764818240168214,-0.0999924290188263,0.8084965437642873,-0.680865179975699,-0.1000113693257204,0.8089259972248521,-0.6809621679927623,-0.1000122272804692,,-1,,,,,,,,,,0.000440269179304,0.0004294534605648,-9.69880170633708e-05,-8.579547488007933e-07,,,,93,8,False,-3.516925096511841,-10.0,-13.89722728729248,-10.0,3.648028137414599,3.2321900798907564,3.648028137414599,3.2321900798907564,3.2321900798907564,18.841506958007812,53.72752380371094,0.0006778112285914,5.0,-0.0010888587674137,-6.146401930694246e-05,3.705295839880749e-07,-0.0009624400021326,0.0001194670785933,-6.126460009164836e-07,-1.0888587674137649,-0.0614640193069424,0.000370529583988,-0.9624400021326364,0.1194670785933382,-0.0006126460009164,1.0905921515595034,0.9698263455756888,0.8892658390211318,0.983863175611706,0.1264187652811285,0.1809310979002807,-0.0009831755849045,0.220721014864027,0.2207232045726882,mixed_noise_backlash_delay_or_constraints,CC,1,Proper-Research,,,,,,,,0.440269179304,0.6778112285914,0.11073416097886823,10.307003255902394
7,0.6736150880197613,-0.6649306811453711,-0.0999932719314404,0.8082095029509965,-0.6805554343664769,-0.1000113022267158,0.8084234024782144,-0.6795976699702381,-0.1000125465313331,,-1,,,,,,,,,,0.0009813590812983,0.0002138995272179,0.0009577643962388,-1.2443046173288286e-06,,,,100,8,False,-4.401190757751465,-10.0,-14.630570411682127,-10.0,4.166181469692901,2.5629259979169774,4.166181469692901,2.5629259979169774,2.5629259979169774,18.012786865234375,49.90495300292969,0.0006778112285914,,,,,,,,,,,,,,,,,,,,,,,,CC,1,Proper-Research,,,,,,,,0.9813590812983,0.6778112285914,,
8,0.6748878193400968,-0.6624898171659023,-0.0999973528837909,0.807935705517173,-0.6802378266636699,-0.1000112207112998,0.8080427587626483,-0.6796691477273837,-0.1000127888938466,,-1,,,,,,,,,,0.0005786675469925,0.0001070532454753,0.0005686789362862,-1.568182546818342e-06,,,,101,8,False,-5.265108108520508,-10.0,-15.158549308776855,-10.0,3.8317819474410726,2.89308781166892,3.8317819474410726,2.89308781166892,2.89308781166892,23.180191040039062,52.00032043457031,0.0006778112285914,,,,,,,,,,,,,,,,,,,,,,,,CC,1,Proper-Research,,,,,,,,0.5786675469925,0.6778112285914,,
9,0.6769988229531051,-0.6607353188900205,-0.0999954778607654,0.8076715442365155,-0.6799191812382477,-0.1000128963802989,0.8077231962132726,-0.6795934648692963,-0.1000129922942245,,-1,,,,,,,,,,0.0003297864152838,5.165197675705002e-05,0.0003257163689514,-9.591392560737157e-08,,,,102,8,False,-6.1111578941345215,-10.0,-15.424636840820312,-10.0,3.639609213496442,3.0844878269392666,3.639609213496442,3.0844878269392666,3.0844878269392666,26.26719665527344,51.881561279296875,0.0006778112285914,,,,,,,,,,,,,,,,,,,,,,,,CC,1,Proper-Research,,,,,,,,0.32978641528380004,0.6778112285914,,
10,0.6807873794814493,-0.6494766534616704,-0.0999781428717165,0.8066597394660747,-0.6784710940050126,-0.1000160170561851,0.8076054661282127,-0.679276182493166,-0.1000130670782235,0.0011837341691209,109,0.8066291675345867,-0.6786068039461328,-0.1000136882603988,0.00031008145044,5.424048521333931e-11,0.0012420009634601,0.0011837341893741,0.0001391108590792,0.0022161412053184,0.0012420009634601,0.0009457266621379,-0.0008050884881534,2.9499779615749233e-06,-0.0002567631052178,-0.0001738482490734,-1.1927292066934991e-05,104,8,False,-6.4428606033325195,-10.0,-15.43376636505127,-10.0,3.757782314473957,2.972339604009221,3.757782314473957,2.972339604009221,2.972339604009221,25.396820068359375,49.66328430175781,0.0003610607432799,,,,,,,,,,,,,,,,,,,,,,,,CC,1,Proper-Research,1.1837341691209,0.31008145044,5.424048521333931e-08,1.2420009634601,1.1837341893741,0.13911085907919998,2.2161412053184,1.2420009634601,0.3610607432799,,
11,0.6851943155495924,-0.6351623190322372,-0.099996130028971,0.806342437306975,-0.6784108714549997,-0.1000176027622814,0.8067195280054499,-0.678683220304865,-0.1000136307749548,,-1,,,,,,,,,,0.0004651572754448,0.0003770906984749,-0.0002723488498653,3.971987326573112e-06,,,,108,8,False,-8.996865272521973,-10.0,-14.393427848815918,-10.0,3.4621722028490467,3.314157904420995,3.4621722028490467,3.314157904420995,3.314157904420995,31.189865112304688,44.42250061035156,0.0003610607432799,10.0,-0.000945726662138,0.0008050884881534,-2.949977961575944e-06,-0.0008859381227628,0.0005929621883009,-5.63696731292751e-07,-0.9457266621380132,0.8050884881534079,-0.0029499779615759,-0.8859381227628305,0.5929621883009606,-0.0005636967312927,1.2420009634601126,1.0660630910594324,0.8583432071027749,0.9933461463577994,0.0597885393751828,-0.2121262998524473,0.0023862812302831,0.2203910990255917,0.2204040173586184,mixed_noise_backlash_delay_or_constraints,CC,1,Proper-Research,,,,,,,,0.4651572754448,0.3610607432799,0.1416567928972251,6.613256348226753
12,0.6939829166320542,-0.6201609563541524,-0.0999899419821115,0.8061167103388701,-0.67795724669308,-0.1000191138249522,0.8063887509132555,-0.6782260726960507,-0.1000138411160064,,-1,,,,,,,,,,0.000382457179283,0.0002720405743853,-0.0002688260029707,5.272708945791571e-06,,,,111,8,False,-9.834113121032717,-10.0,-13.816502571105955,-10.0,3.4798945432249866,3.311380529957887,3.4798945432249866,3.311380529957887,3.311380529957887,31.742721557617188,41.32594299316406,0.0003610607432799,,,,,,,,,,,,,,,,,,,,,,,,CC,1,Proper-Research,,,,,,,,0.382457179283,0.3610607432799,,
13,0.7001237766579974,-0.6080647342951686,-0.0999964052487779,0.8058724771045394,-0.6776038157506541,-0.1000187811796965,0.8062469188864676,-0.6779879545518712,-0.1000139312850164,,-1,,,,,,,,,,0.0005364412984233,0.0003744417819282,-0.0003841388012171,4.849894680053479e-06,,,,112,8,False,-10.148391723632812,-10.0,-13.615619659423828,-10.0,3.503522956455299,3.288057130876382,3.503522956455299,3.288057130876382,3.288057130876382,31.045379638671875,39.327972412109375,0.0003610607432799,,,,,,,,,,,,,,,,,,,,,,,,CC,1,Proper-Research,,,,,,,,0.5364412984233,0.3610607432799,,
14,0.7054898698768629,-0.598935639300258,-0.0999995002773579,0.8056341024866587,-0.6772464332767748,-0.1000187582423944,0.8060673227227453,-0.6776342717299593,-0.1000140454352152,,-1,,,,,,,,,,0.0005814623278626,0.0004332202360866,-0.0003878384531844,4.712807179174661e-06,,,,114,8,False,-10.49649429321289,-10.0,-13.40817642211914,-10.0,3.5521123407552295,3.230399030989929,3.5521123407552295,3.230399030989929,3.230399030989929,30.049331665039062,36.94561767578125,0.0003610607432799,,,,,,,,,,,,,,,,,,,,,,,,CC,1,Proper-Research,,,,,,,,0.5814623278626,0.3610607432799,,
15,0.7123772761356453,-0.5887300340094611,-0.1000018929567913,0.8052114845662208,-0.6764479410966373,-0.0995144055358564,0.8059184966790433,-0.6772765680359385,-0.1000141399944557,0.001033506859831,121,0.8051664876873298,-0.6765676118273474,-0.1000146183688402,0.0005572370960783,6.464477726576947e-08,0.001089260635575,0.0010335273509532,0.0001278507055069,0.0014058211693236,0.001089260635575,0.0007070121128224,-0.0008286269393011,-0.0004997344585992,0.0001298185400426,-0.0005419043530984,-6.67244745625184e-06,116,8,False,-10.747756958007812,-10.0,-13.303736686706545,-10.0,3.618256525862875,3.148018297798785,3.618256525862875,3.148018297798785,3.148018297798785,28.571334838867188,34.576263427734375,0.0002325015563105,,,,,,,,,,,,,,,,,,,,,,,,CC,1,Proper-Research,1.033506859831,0.5572370960783,6.464477726576947e-05,1.089260635575,1.0335273509532001,0.12785070550689998,1.4058211693236,1.089260635575,0.2325015563105,,
16,0.7206998950442295,-0.5790241181814587,-0.0999922629465248,0.8049003197425032,-0.6763316552582853,-0.0998190874425441,0.8052737679987417,-0.6764378517062668,-0.1000145500044848,,-1,,,,,,,,,,0.000388254150849,0.0003734482562385,-0.0001061964479814,-0.0001954625619407,,,,121,8,False,-11.516641616821287,-10.0,-13.600414276123049,-10.0,3.4624672761551665,3.212041931439444,3.4624672761551665,3.212041931439444,3.212041931439444,26.359619140625,31.001693725585938,0.0002325015563105,15.0,-0.0007070121128223,0.0008286269393011,0.0004997344585992,-0.0006447286803015,0.0008387163296716,-4.1001002919205387e-07,-0.7070121128223922,0.8286269393011795,0.4997344585992407,-0.6447286803015206,0.838716329671696,-0.000410010029192,1.0892606355749863,1.057884754054666,0.9711952479812572,0.9986988885606202,0.0622834325208715,0.0100893903705165,-0.5001444686284329,0.0630953386917816,0.5041086304203173,mixed_noise_backlash_delay_or_constraints,CC,1,Proper-Research,,,,,,,,0.388254150849,0.2325015563105,0.028804752018742774,2.9230885910794417
17,0.7356987318759662,-0.5681991362015781,-0.099992831070344,0.804750735582367,-0.675804056552599,-0.0995922270901386,0.8051418705516616,-0.6758627628732053,-0.1000146336734004,,-1,,,,,,,,,,0.0003955161138111,0.0003911349692946,-5.8706320606338736e-05,-0.0004224065832617,,,,124,8,False,-11.632979393005373,-10.0,-13.709744453430176,-10.0,3.652269725267729,3.007152192641911,3.652269725267729,3.007152192641911,3.007152192641911,22.93365478515625,27.509536743164062,0.0002325015563105,,,,,,,,,,,,,,,,,,,,,,,,CC,1,Proper-Research,,,,,,,,0.39551611381109997,0.2325015563105,,
18,0.7498785771200058,-0.5579950162746484,-0.1000074964612108,0.8045681586061639,-0.6753856258755614,-0.0993250676259385,0.8049317558209812,-0.6754947684951915,-0.1000147672448636,,-1,,,,,,,,,,0.0003796248754265,0.0003635972148172,-0.0001091426196301,-0.0006896996189251,,,,126,8,False,-11.817405700683594,-10.0,-13.921792030334473,-10.0,3.6794906620615393,2.985611113916434,3.6794906620615393,2.985611113916434,2.985611113916434,21.25665283203125,25.805206298828125,0.0002325015563105,,,,,,,,,,,,,,,,,,,,,,,,CC,1,Proper-Research,,,,,,,,0.37962487542650003,0.2325015563105,,
19,0.7648755675108203,-0.5496128904815827,-0.0999841295005341,0.8043188428552107,-0.675109723074906,-0.0990859689014933,0.8048002890680056,-0.6753533236180939,-0.1000148508654986,,-1,,,,,,,,,,0.0005395661965467,0.0004814462127948,-0.0002436005431878,-0.0009288819640053,,,,127,8,False,-11.927071571350098,-10.0,-14.08711051940918,-10.0,3.650894737002318,3.021339714833857,3.650894737002318,3.021339714833857,3.021339714833857,20.734176635742188,25.341873168945312,0.0002325015563105,,,,,,,,,,,,,,,,,,,,,,,,CC,1,Proper-Research,,,,,,,,0.5395661965467,0.2325015563105,,
20,0.7699922396181654,-0.5436906716336506,-0.1000012183245406,0.8039681614763823,-0.6746064193925798,-0.100013475047067,0.8043960599179123,-0.6756150913583748,-0.1000151083420957,0.0010964654468519,132,0.8039544799819762,-0.674611476075351,-0.1000153889377336,0.0008655060683365,9.947791163071115e-07,0.0010956807066132,0.0010965982318452,1.4586066290516478e-05,0.0011655711233523,0.0010956807066132,0.00042789844153,-0.001008671965795,-1.6332950286690462e-06,-0.0001036008037618,-0.00085928320581,-9.080100762684506e-06,127,8,False,-12.411227226257324,-10.0,-14.692258834838867,-10.0,3.169469666480495,3.5028615267272016,3.169469666480495,3.5028615267272016,3.169469666480495,23.239974975585938,27.858734130859375,0.0001878540252538,,,,,,,,,,,,,,,,,,,,,,,,CC,1,Proper-Research,1.0964654468519,0.8655060683365,0.0009947791163071116,1.0956807066132,1.0965982318452,0.014586066290516477,1.1655711233523,1.0956807066132,0.1878540252538,,
21,0.7699822917929791,-0.5427425305192068,-0.1000253810415633,0.803681554725131,-0.6742860179621086,-0.0999919319162606,0.8036851372815912,-0.6754295976868698,-0.1000155608327972,,-1,,,,,,,,,,0.0011435853363853,3.582556460157704e-06,-0.0011435797247612,-2.3628916536608258e-05,,,,129,8,False,-13.929816246032717,-10.0,-15.758153915405272,-10.0,2.695387241811204,4.010407737398168,2.695387241811204,4.010407737398168,2.695387241811204,26.371978759765625,29.64707946777344,0.0001878540252538,20.0,-0.00042789844153,0.001008671965795,1.6332950286709622e-06,-0.0007109226363211,0.0001854936715049,-4.5249070151909265e-07,-0.4278984415300128,1.008671965795061,0.0016332950286709,-0.7109226363211096,0.1854936715049993,-0.000452490701519,1.0956807066133298,0.7347236875194384,0.6705636801070018,0.6102988449826263,-0.2830241947910968,-0.8231782942900614,-0.00208578573019,0.8704741231233951,0.8704766220465407,mixed_noise_backlash_delay_or_constraints,CC,1,Proper-Research,,,,,,,,1.1435853363853,0.1878540252538,0.32943631989299815,52.388885459710316
22,0.7700110500137703,-0.5429744477907538,-0.37,0.8030567414173786,-0.6736368415365969,-0.1000172941997781,0.8032579999364936,-0.6748297311146109,-0.1000158324443315,0.0012060781726053,138,0.8031798766866612,-0.6736261858033448,-0.1000158815521394,0.0016726887056748,0.0,0.0012097481295091,0.0012060781726053,0.0001235954659057,,0.0012097481295091,0.000201258519115,-0.001192889578014,1.4617554466578309e-06,-0.0002670142962846,-0.0016512391927494,-1.6309183937246452e-05,133,13,True,-14.772102355957031,-10.0,-15.769487380981444,-10.0,2.68518478523913,4.072603225822604,2.68518478523913,4.072603225822604,2.68518478523913,25.30409240722656,27.01991271972656,0.0006890308840772,,,,,,,,,,,,,,,,,,,,,,,,CC,1,Proper-Research,1.2060781726053,1.6726887056747999,0.0,1.2097481295091,1.2060781726053,0.1235954659057,,1.2097481295091,0.6890308840772,,
23,0.7690521775698221,-0.5421648559868074,-0.1000032147233259,0.803023342005896,-0.6732829031423647,-0.1000013913006347,0.8028798548244137,-0.6742087555674973,-0.1000160728554497,,-1,,,,,,,,,,0.0009369051629559,-0.0001434871814822,-0.0009258524251325,-1.4681554815001996e-05,,,,137,13,True,-15.170628547668455,-10.0,-15.14670467376709,-10.0,2.711711560261847,4.025020776149063,2.711711560261847,4.025020776149063,2.711711560261847,23.26806640625,23.226547241210938,0.0006890308840772,22.0,-0.000201258519115,0.0011928895780139,-1.461755446659968e-06,-0.0003781451120798,0.0006209755471136,-2.4041111824912864e-07,-0.2012585191150434,1.1928895780139626,-0.0014617554466599,-0.3781451120798973,0.6209755471136003,-0.0002404111182491,1.2097481295090766,0.7270518247710772,0.6009943776190214,0.9287245071337812,-0.1768865929648539,-0.5719140309003623,0.0012213443284108,0.5986439054324487,0.598645151315354,direction_ok_jac_too_sensitive,CC,1,Proper-Research,,,,,,,,0.9369051629559,0.6890308840772,0.3990056223809786,21.76314603527317
24,0.7666208711722547,-0.5340747434075411,-0.0999932455393843,0.8028793379094971,-0.6729311288989448,-0.0999921285009039,0.8023990197795087,-0.6739925846405644,-0.1000163788518831,,-1,,,,,,,,,,0.0011650724429892,-0.0004803181299883,-0.0010614557416196,-2.4250350979179713e-05,,,,139,13,True,-15.472509384155272,-10.0,-15.121164321899414,-10.0,2.422616822410191,4.225721783281415,2.422616822410191,4.225721783281415,2.422616822410191,23.692214965820312,23.089447021484375,0.0006890308840772,,,,,,,,,,,,,,,,,,,,,,,,CC,1,Proper-Research,,,,,,,,1.1650724429892,0.6890308840772,,
25,0.7649393865722626,-0.5299484471915634,-0.1000015666307838,0.8024468553492381,-0.6726067014277444,-0.0999583036262734,0.8019440527548063,-0.6738980185803956,-0.1000166684435763,,-1,,,,,,,,,,0.0013857526610829,-0.0005028025944318,-0.0012913171526511,-5.83648173029111e-05,,,,140,13,True,-15.643613815307615,-10.0,-15.993406295776367,-10.0,2.0874954979954055,4.490556985621879,2.0874954979954055,4.490556985621879,2.0874954979954055,24.513961791992188,25.08624267578125,0.0006890308840772,,,,,,,,,,,,,,,,,,,,,,,,CC,1,Proper-Research,,,,,,,,1.3857526610829,0.6890308840772,,
26,0.7653974558472293,-0.5354225730033333,-0.1000013014877852,0.802097345917184,-0.6722695528826135,-0.0999282203119293,0.8016239168962453,-0.6732184678642993,-0.1000168718943478,,-1,,,,,,,,,,0.001060459655213,-0.0004734290209386,-0.0009489149816858,-8.865158241844195e-05,,,,144,13,True,-15.665533065795898,-10.0,-16.75458335876465,-10.0,2.182279493345846,4.290493889638583,2.182279493345846,4.290493889638583,2.182279493345846,22.133453369140625,23.854415893554688,0.0006890308840772,,,,,,,,,,,,,,,,,,,,,,,,CC,1,Proper-Research,,,,,,,,1.0604596552130001,0.6890308840772,,
27,0.7657288291837994,-0.5398012471353506,-0.0999876277392584,0.8015763777978879,-0.6711786488464352,-0.099998078023384,0.8016714909006818,-0.6723237277293431,-0.1000168411416838,0.0011494019399831,152,0.8015783167087265,-0.6711781085126788,-0.1000168998613943,0.0027143144473939,1.6415879778114624e-06,0.0011490222584461,0.0011486163863015,2.012793036593301e-06,0.0019087134056241,0.0011490222584461,9.511310279386452e-05,-0.0011450788829079,-1.8763118299833237e-05,-0.0016272053905656,-0.0021724883282185,-1.4300077778486853e-05,147,13,True,-15.669425964355469,-10.0,-16.660627365112305,-10.0,2.7090716603793226,3.713948047412828,2.7090716603793226,3.713948047412828,2.7090716603793226,17.805389404296875,19.377899169921875,0.0005131037724854,,,,,,,,,,,,,,,,,,,,,,,,CC,1,Proper-Research,1.1494019399831,2.7143144473939,0.0016415879778114623,1.1490222584461,1.1486163863015,0.002012793036593301,1.9087134056241002,1.1490222584461,0.5131037724854,,
28,0.7686059362794079,-0.5425942314471184,-0.1000268266880533,0.80135542937693,-0.6708244316916956,-0.0999859300526631,0.8018367457887444,-0.6709967896947138,-0.1000167352459,,-1,,,,,,,,,,0.0005112462904376,0.0004813164118143,-0.0001723580030181,-3.080519323683806e-05,,,,152,13,True,-15.658453941345217,-10.0,-16.28573226928711,-10.0,3.5788306588443675,2.8811175823154827,3.5788306588443675,2.8811175823154827,2.8811175823154827,11.912734985351562,12.924972534179688,0.0005131037724854,27.0,-9.511310279383494e-05,0.0011450788829079,1.8763118299836703e-05,0.0001652548880626,0.0013269380346293,1.0589578385011845e-07,-0.0951131027938349,1.1450788829079863,0.0187631182998367,0.165254888062627,1.326938034629355,0.0001058957838501,1.149022258446229,1.3371887397725892,1.1637622585458416,0.978697919121398,0.2603679908564619,0.1818591517213682,-0.0186572225159865,0.3175913124243897,0.3181388591157285,mixed_noise_backlash_delay_or_constraints,CC,1,Proper-Research,,,,,,,,0.5112462904376,0.5131037724854,0.1637622585458416,11.847388266540655
29,0.7673562178299158,-0.5383334790123717,-0.0999948608519304,0.8011236999297217,-0.6704744009712692,-0.0999447786241355,0.8016233946959657,-0.6704049665143087,-0.1000168707610908,,-1,,,,,,,,,,0.0005044957910875,0.000499694766244,6.943445696050432e-05,-7.209213695531791e-05,,,,155,13,True,-15.665595054626465,-10.0,-16.752107620239258,-10.0,3.723014095943995,2.78882243453063,3.723014095943995,2.78882243453063,2.78882243453063,10.0057373046875,11.72283935546875,0.0005131037724854,,,,,,,,,,,,,,,,,,,,,,,,CC,1,Proper-Research,,,,,,,,0.5044957910875,0.5131037724854,,
30,0.7683257979621309,-0.5391140064418182,-0.0999846953216486,0.8008970353735579,-0.6701227981428501,-0.0999310504603055,0.801587083533506,-0.6698944993336962,-0.1000168936115621,,-1,,,,,,,,,,0.0007268334123503,0.0006900481599481,0.0002282988091539,-8.58431512565927e-05,,,,157,13,True,-15.663851737976074,-10.0,-16.814340591430664,-10.0,3.9634430747287297,2.5587600574521048,3.9634430747287297,2.5587600574521048,2.5587600574521048,7.9276123046875,9.7410888671875,0.0005131037724854,,,,,,,,,,,,,,,,,,,,,,,,CC,1,Proper-Research,,,,,,,,0.7268334123503001,0.5131037724854,,
31,0.7683717067105914,-0.538829870541595,-0.0999715105237665,0.8006696327920616,-0.6697712055997339,-0.0999110592521483,0.8015400147036472,-0.6694720652515349,-0.1000169233564371,,-1,,,,,,,,,,0.0009203529865959,0.0008703819115856,0.000299140348199,-0.0001058641042887,,,,159,13,True,-15.661585807800291,-10.0,-16.887361526489258,-10.0,4.142444677031335,2.373863292976125,4.142444677031335,2.373863292976125,2.373863292976125,6.555419921875,8.4815673828125,0.0005131037724854,,,,,,,,,,,,,,,,,,,,,,,,CC,1,Proper-Research,,,,,,,,0.9203529865958999,0.5131037724854,,
