k,i_ref,u0_vx,u0_vy,u0_vz,u0_wx,u0_wy,u0_wz,u0_dL,p_x,p_y,p_z,p_qw,p_qx,p_qy,p_qz,p_L,y_x,y_y,y_z,y_tx,y_ty,y_tz,status,infeasible,pred1_err,vessel_tip alignment, i_seg, u_seg, rho, clearance
0,30,-0.8515374622928108,0.062357167579464336,-0.06890697252687039,-4.0259196402370364e-27,-4.318235388535337e-08,-4.760214286979562e-08,0.04629396884799097,0.7096174474000251,-0.7049063208558685,-0.09,0.019678308788327915,-0.9995810987918137,0.008034135192307676,0.019642906431931957,0.03046293968847991,0.8281598454887712,-0.7050712386865743,-0.09881243344110588,-0.9990992178060428,0.015288461502959292,0.03958555196313504,solved,0,0.00045943119977091796,3.5879032098937067,29,0.9700658849280016,0.0011988482648781808,0.0015011517351218194
1,30,-0.27788538767570986,0.049716290102971857,-0.10176090070623021,-1.9653314169102458e-25,-1.8409876601811746e-07,-1.1965959272213289e-07,0.05081440129181667,0.7068385935232679,-0.7044091579548387,-0.09,0.0196783088074756,-0.9995810987785393,0.008034134576146578,0.019642907340266698,0.030971083701398075,0.8276973228081196,-0.7050641610509696,-0.09879410771801198,-0.9990992178060433,0.015288461502933233,0.03958555196312978,solved,0,2.518341472395003e-05,0.0,30,0.46293968801750873,2.9429001617167476e-15,0.002699999999997057
2,30,-0.15607400115848813,0.03593665346362589,-0.10547977112922702,-1.8632523827906282e-26,-1.1299599287492114e-07,1.653077809616894e-08,0.04671127609335676,0.705277853511683,-0.7040497914202024,-0.09,0.019678308810391162,-0.9995810987667774,0.008034134647647994,0.01964290790663648,0.03143819646233164,0.8271896365222818,-0.7050563923107889,-0.09877399255678376,-0.9990992178060425,0.015288461502974965,0.039585551963134624,solved,0,2.458839047242369e-05,0.0,30,0.9710837004259357,4.147680827069619e-15,0.0026999999999958524
3,31,-0.05202343163731725,0.025120419479375773,-0.10964770838020978,-1.3553198410352915e-25,-1.234963241316846e-07,-3.8166104656873686e-08,0.050525245831646456,0.7047576191953099,-0.7037985872254087,-0.09,0.01967830881910056,-0.9995810987561813,0.008034134444746417,0.019642908520104214,0.031943448920648106,0.826722944528206,-0.7050492508753294,-0.09875550164031333,-0.9990992178060447,0.015288461502857517,0.039585551963126346,solved,0,1.937209482779645e-05,0.0,31,0.4381964618921616,7.45094793934956e-16,0.002699999999999255
4,31,-0.08279344564866561,0.01862598735191229,-0.10742150130208603,-1.787170019304735e-25,-9.773239737089424e-08,-1.0316264774702445e-07,0.04696823488448681,0.7039296847388232,-0.7036123273518895,-0.09,0.019678308833158614,-0.9995810987507268,0.008034133919533212,0.01964290899841117,0.032413131269492974,0.8262181471923079,-0.7050415263425698,-0.09873550094286979,-0.9990992178060433,0.015288461502904978,0.039585551963141945,solved,0,1.803872996840524e-05,0.0,31,0.9434489197029889,2.118949705258713e-15,0.002699999999997881
5,32,-0.02828266169151434,0.01298846925365773,-0.10942325323040766,-4.784956329669698e-25,-1.3293025116227933e-07,-6.060641154081572e-08,0.05032029918064663,0.7036468581219081,-0.7034824426593529,-0.09,0.01967830884445094,-0.9995810987401057,0.008034133603548882,0.019642909656820844,0.03291633426129944,0.825748887924958,-0.7050343456220609,-0.09871690830784349,-0.9990992178060435,0.015288461502903016,0.039585551963137594,solved,0,1.6885407811371334e-05,0.0,32,0.4131312690798158,2.1281413315032763e-15,0.002699999999997872
6,32,-0.07511646212477165,0.010082424079582809,-0.10640666981466887,-6.096132179291378e-26,-5.0736359057809314e-08,-1.3638798165812337e-07,0.0471792850356214,0.7028956935006604,-0.7033816184185571,-0.09,0.019678308859884336,-0.9995810987406013,0.008034132916902609,0.019642909896976944,0.033388127111655654,0.8252461382094459,-0.7050266524224902,-0.09869698873966366,-0.9990992178060423,0.01528846150297396,0.03958555196314065,solved,0,1.590002483745329e-05,0.0,32,0.9163342603837132,4.452972423343118e-15,0.002699999999995547
7,33,-0.02584024784571459,0.006849907138140259,-0.10843822303803105,-5.062719094674897e-25,-4.658361700979138e-08,-1.7862035426148982e-08,0.05014353477908811,0.7026372910222033,-0.7033131193471757,-0.09,0.019678308863509946,-0.9995810987367437,0.008034132823046412,0.01964291012803999,0.033889562459446534,0.8247747703416898,-0.7050194394356608,-0.09867831255926979,-0.9990992178060427,0.015288461502954325,0.03958555196313625,solved,0,1.497605192146916e-05,8.537736462515939e-07,33,0.3881271112668993,3.843418409239267e-15,0.002699999999996157
8,33,-0.07434352628096899,0.0057283423570766885,-0.10529201381783572,-3.587555063765571e-25,-1.100523373432489e-08,-5.578158868941239e-08,0.04737082536148461,0.7018938557593936,-0.7032558359236049,-0.09,0.0196783088694306,-0.9995810987379037,0.008034132543172482,0.019642910177554675,0.03436327071306138,0.8242737866779296,-0.7050117732606529,-0.09865846296425376,-0.9990992178060443,0.015288461502864715,0.03958555196313089,solved,0,1.404461483862535e-05,0.0,33,0.8895624585582866,1.0283701719185968e-15,0.002699999999998972
9,34,-0.025612956643944047,0.0038427069176176017,-0.10723360839913351,9.106782153218213e-26,9.52471736041836e-10,4.1125097395689404e-08,0.049999569664825244,0.7016377261929542,-0.7032174088544286,-0.09,0.019678308865353256,-0.9995810987363452,0.008034132748805548,0.019642910176840674,0.03486326640970963,0.8238005051322755,-0.7050045309902528,-0.09863971096156468,-0.9990992178060435,0.015288461502896316,0.039585551963138975,solved,0,1.3248889967187528e-05,0.0,34,0.36327071269865596,2.0006768854939833e-15,0.0026999999999979996
10,34,-0.07434243269747585,0.003586889094364825,-0.10417629254143262,-1.0940009196521544e-21,-7.0931131494541e-05,-0.001814218807007584,0.047358299857284396,0.7008943018659795,-0.703181539963485,-0.09,0.01967848989657837,-0.9995811646070616,0.008025058475308773,0.019643086179332882,0.035336849408282474,0.8233009598228483,-0.7049968868252905,-0.098619918355934,-0.9990992178060428,0.015288461502969072,0.03958555196312972,solved,0,1.0621217158711146e-05,0.0,34,0.8632664088464723,4.589512714172042e-15,0.0026999999999954105
11,35,-0.025613196783312926,0.002025677527170172,-0.10608173459386096,7.585442242340827e-21,-5.80693639321309e-05,-0.001484370241962899,0.050166416439062465,0.7006381698981463,-0.7031612831882132,-0.09,0.019678638014148687,-0.9995812184369715,0.008017634018824675,0.019643230353179133,0.0358385135726731,0.8228278034194078,-0.7049896464698517,-0.09860117131153479,-0.999099217806044,0.015288461502873114,0.0395855519631397,solved,0,1.2242793152668136e-05,0.0,35,0.3368494079459111,1.1850773987432615e-15,0.002699999999998815
12,35,-0.0743031244819523,0.0022985088810454565,-0.10330379151924887,1.5355775069665427e-20,-0.0009357940167260963,-0.023824069986539527,0.04729816187598585,0.6998951386533268,-0.7031382980994028,-0.09,0.019681015297054273,-0.9995820744874526,0.007898471421850498,0.019645563097964006,0.03631149519143296,0.8223265911451655,-0.7049819767965866,-0.09858131265868758,-0.9990992178060439,0.01528846150288771,0.03958555196313252,solved,0,1.2537252023749101e-05,0.0,35,0.8385135718331361,1.766864871094009e-15,0.0026999999999982333
13,36,-0.02560854449175222,0.0012293210905840238,-0.10506714820252419,1.1555596695357077e-19,-0.0007709300141949686,-0.019627436171013334,0.050219759102323694,0.6996390532084092,-0.703126004888497,-0.09,0.019682973608154075,-0.999582769073532,0.007800299353664455,0.019647484602969428,0.0368136927824562,0.8218540355798228,-0.7049747456353153,-0.09856258942024029,-0.9990992178060434,0.015288461502923392,0.03958555196313642,solved,0,1.2806953461060361e-05,0.0,36,0.31149519112307245,3.1297615936613743e-15,0.0026999999999968703
14,37,-0.07430267541351622,0.0017896369815766804,-0.10197184504056635,3.1269060155257526e-19,-0.003588849640804685,-0.09076451505125457,0.0472640268772005,0.6988960264542741,-0.7031081085186812,-0.09,0.019692028020338606,-0.999585853370594,0.007346312142154838,0.019656486759785707,0.03728633305122821,0.8213522903594507,-0.7049670678067792,-0.09854270965140516,-0.9990992178060437,0.015288461502891678,0.03958555196313399,solved,0,1.3073968800353729e-05,8.537736462515939e-07,36,0.8136927816408561,2.0027415089152098e-15,0.0026999999999979974
15,37,-0.025602177698986397,0.0008086608952326692,-0.10384820310174232,2.2026535855840552e-20,-0.0030064690840557176,-0.07604686513532856,0.050086423716333824,0.6986400046772842,-0.7031000219097289,-0.09,0.01969961109770221,-0.9995882788354077,0.006965938749167154,0.01966402387126329,0.03778719728839155,0.8208800758366152,-0.7049598418642244,-0.09852399992548605,-0.9990992178060436,0.01528846150291705,0.03958555196312956,solved,0,1.2667785870530075e-05,0.0,37,0.2863330509419943,2.9909476614608973e-15,0.002699999999997009
16,37,-0.07429655765811542,0.0014339674469306405,-0.10080895285388441,-5.754648264368386e-20,-0.008492645638874372,-0.21283350662131897,0.047302509063363994,0.697897039100703,-0.7030856822352596,-0.09,0.019720821533514465,-0.9995942898678056,0.005901369097946165,0.019685494773827694,0.03826022237902519,0.8203796627690391,-0.7049521844206175,-0.09850417293819902,-0.9990992178060437,0.01528846150288878,0.03958555196313911,solved,0,1.3135815501646413e-05,8.537736462515939e-07,37,0.7871972876036376,1.95905955890981e-15,0.002699999999998041
17,38,-0.02561799587496994,0.0006058377404500185,-0.10283062966986566,-7.426839534473085e-20,-0.007222134498791426,-0.18105721540615935,0.05001861424295441,0.6976408591419533,-0.703079623857855,-0.09,0.01973884754390555,-0.9995985111811072,0.004995735874359038,0.0197037297288105,0.03876040852145474,0.8199070637709841,-0.7049449525947282,-0.09848544797889416,-0.9990992178060436,0.015288461502919763,0.039585551963131224,solved,0,1.2502736163467958e-05,0.0,38,0.2602223787645142,3.1595956171894443e-15,0.0026999999999968403
18,38,-0.07430082819648129,0.0012881700823889639,-0.09977138179393306,1.6170116210133911e-18,-0.016165259408605658,-0.3991665236226258,0.04739209588044956,0.6968978508599885,-0.7030667421570311,-0.09,0.01977853727299882,-0.9996048951098779,0.00299910050429658,0.01974508880394509,0.039234329480259234,0.8194073281873236,-0.7049373055181438,-0.09846564783436154,-0.9990992178060428,0.015288461502959774,0.03958555196313566,solved,0,1.2988560357345476e-05,0.0,38,0.7604085206955739,4.704866064359941e-15,0.002699999999995295
19,39,-0.02565340435827656,0.00048515956612382597,-0.10165880506919019,2.22646265986901e-18,-0.013884619773941533,-0.3430975622928895,0.05003469287456658,0.6966413168164057,-0.7030618905613699,-0.09,0.01981258877151775,-0.9996071959868239,0.0012829138259937822,0.019780525514894974,0.039734676409004896,0.8189338341280817,-0.7049300599958122,-0.09844688741162066,-0.9990992178060438,0.015288461502897662,0.03958555196312968,solved,0,1.087481071970836e-05,8.537736462515939e-07,39,0.23432948002456824,2.3592569033624843e-15,0.002699999999997641
20,39,-0.07425792077697423,0.0010068539884133143,-0.0986071765028615,3.2350638090524254e-18,-0.025190274865003043,-0.6112989692067331,0.04743232349195697,0.695898737608636,-0.7030518220214858,-0.09,0.01987311663274397,-0.9996039486490534,-0.0017748770730047745,0.019845777684382653,0.040208999643924465,0.818433937902939,-0.7049224104610523,-0.09842708090227323,-0.9990992178060435,0.015288461502938031,0.03958555196312789,solved,0,1.3835836776642093e-05,0.0,39,0.7346764082713031,4.021970775574938e-15,0.002699999999995978
21,40,-0.02568391463059401,-0.001646930162204002,-0.10049629141134757,2.2223147984540068e-18,-0.02187914045422324,-0.5315030273098017,0.05002316908046726,0.69564189846233,-0.7030682913231078,-0.09,0.019925592566766973,-0.9995935250776284,-0.004433504317904957,0.01990224668742488,0.04070923133472914,0.8179600419299439,-0.7049151587885372,-0.09840830455520966,-0.9990992178060437,0.015288461502891485,0.03958555196313672,solved,0,1.0556106002929238e-05,0.03432819646377385,40,0.20899963882336617,1.2522005277866255e-07,0.0026998747799472215
22,40,-0.07423841102130464,-0.00046414809803121694,-0.09757555660766709,7.303805444662283e-18,-0.036716061519140954,-0.870181190318773,0.050032180165647096,0.6948995143521169,-0.7030729328040881,-0.09,0.020011182260113225,-0.9995611035562799,-0.008786243885360546,0.019998868975308153,0.04120955313638561,0.8174602608389413,-0.7049075110155891,-0.09838850260761986,-0.9990992178060436,0.01528846150290814,0.03958555196313495,solved,0,0.00024278035017391065,1.9778495180285995,40,0.6968567228610569,0.0008940565842606184,0.0018059434157393817
23,41,-0.02604687973657728,-0.024568003516734126,-0.09942344793675537,1.9714448515578496e-18,-0.03204839013368103,-0.7607293527662112,0.047407660596487974,0.6946390455547512,-0.7033186128392555,-0.09,0.02008569777324309,-0.9995172357050596,-0.012591355010137625,0.020082779998976355,0.041683629742350486,0.8170120660714637,-0.7046099672984724,-0.09749901187250973,-0.997014925672532,0.026065495379659593,0.07267618548608801,solved,0,0.00034159937840566704,2.161256639948163,41,0.19472809820218903,0.0009188092935734768,0.0017811907064265234
24,41,-0.07416954284864474,-0.017293396780059624,-0.09640331297302462,-1.6591027404718288e-18,-0.048702941106267335,-1.1245330153371156,0.05044588159117635,0.6938973501262647,-0.7034915468070561,-0.09,0.02019523166601266,-0.9994257195365162,-0.018215967727849492,0.02021292325743853,0.04218808855826225,0.8165385767768114,-0.7046014606043687,-0.0974754114453535,-0.9970523947433706,0.02589632250696203,0.07222120614559865,solved,0,2.8465710037012394e-05,2.139585403802924,41,0.6687312386236612,0.0009248550142698973,0.0017751449857301028
25,42,-0.025991145093734853,-0.07040468767644548,-0.09827732500771416,3.686792537482869e-18,-0.04280185009140091,-0.9901511211652613,0.046461647372318,0.6936374386753273,-0.7041955936838206,-0.09,0.020291154175612603,-0.9993189405519529,-0.023167958257004594,0.020326579312462425,0.04265270503198543,0.8160347815151667,-0.7045922493267731,-0.09744986162805581,-0.9970882065250652,0.025733478153331046,0.07178367858197701,solved,0,9.608878266541436e-05,2.7026042806927912,42,0.16818553133992561,0.0009327519303400244,0.0017672480696599756
26,42,-0.07406937221267834,-0.05118834403093546,-0.09534368216361468,4.563575878317312e-18,-0.06272249660812322,-1.4050424760933076,0.05210648894692038,0.6928967449532005,-0.70470747712413,-0.09,0.02042618411765477,-0.9991250984105666,-0.03019411884669087,0.02049692453855476,0.04317376992145463,0.8155706537757696,-0.7045843529154013,-0.0974279892786578,-0.9971262639140618,0.025561318173333222,0.07131502524732501,solved,0,5.993469899563854e-05,2.677006501781085,42,0.6327421778776224,0.0009399954810812906,0.0017600045189187096
27,43,-0.024642220765178236,-0.11922196592803017,-0.09709626786201328,1.0911400980476423e-18,-0.05528964162397249,-1.2413633087981961,0.04430370219236023,0.6926503227455487,-0.7058996967834102,-0.09,0.02054466265890972,-0.9989127404087222,-0.03640052912651155,0.020645952743293075,0.04361680694337823,0.8150502607649499,-0.7045749419625671,-0.09740190232660674,-0.9971604134526034,0.025404897938727366,0.07089217872061795,solved,0,0.0001703415351894758,3.7645671265863236,43,0.1458223100672526,0.0009511405048792176,0.0017488594951207827
28,43,-0.07272787823579084,-0.08765129350011526,-0.09425844917313259,-9.322794104774956e-18,-0.07715310828616641,-1.5709087520167357,0.055323464903908465,0.6919230439631908,-0.7067762097184114,-0.09,0.020692148336512783,-0.9985879818339877,-0.04425325188318755,0.02086928919983851,0.04417004159241732,0.8146075983385965,-0.7045678830783506,-0.09738238428598842,-0.9971981065452656,0.025234013725006787,0.0704214516597268,solved,0,9.981922723517782e-05,3.74309687083858,43,0.5884736925712338,0.0009606953737637915,0.0017393046262362086
29,45,-0.01989181044609121,-0.1885735673902674,-0.09583985234507167,1.4324181085308397e-18,-0.06829170202601116,-1.5020324604307045,0.03925303178484242,0.6917241258587299,-0.7086619453923141,-0.09,0.020833183353656654,-0.9982202904014197,-0.05175855392698154,0.02105427266960256,0.04456257191026574,0.8140551231753305,-0.7045577176514167,-0.097354201622846,-0.9972284943626072,0.025093176367463953,0.07004043497208476,solved,0,0.000262609475340483,5.648531451895303,44,0.12707053777882749,0.0009791155051378307,0.0017208844948621695
30,45,-0.06904561741944802,-0.13839899012508425,-0.09314827881062088,2.583821242820118e-18,-0.09250594898623418,-1.570992632884109,0.04136327384603766,0.6910336696845354,-0.710045935293565,-0.09,0.020973977626164885,-0.997773092999531,-0.05960749020313161,0.021351680504590916,0.04497620464872611,0.8136627768132345,-0.7045522068608446,-0.09733901616144726,-0.9972660676222711,0.024922985908084533,0.06956461128071528,solved,0,0.0007721320965418146,5.6308669264382045,44,0.5184386742752858,0.0009920841449531739,0.0017079158550468263
31,45,-0.011897568182543854,-0.22725937880521366,-0.09479837153578928,-1.448933610247875e-17,-0.08212768227187035,-1.5710063746110623,0.03269587273840758,0.69091469400271,-0.7123185290816171,-0.09,0.021116568326715317,-0.9972652453363332,-0.06745171751205918,0.021595990161135663,0.04530316337611019,0.8132416635168961,-0.7057008840364432,-0.09730948630262723,-0.9974756677059283,-0.015559617853626629,0.06928340801997136,solved,0,8.00593453431064e-05,5.614581208839877,44,0.9307903907832905,0.0010076090544221777,0.0016923909455778224
32,45,6.059265485579498e-05,-0.1642004261557131,-0.09539680120912263,-9.426746102237523e-18,-0.07572128572522338,-1.570931263497481,0.06769608480453138,0.6909152999292586,-0.7139605333431742,-0.09,0.021260005358282773,-0.9966964296730383,-0.07529072176375923,0.021807027891858573,0.045980124224155504,0.8129144543853805,-0.7056945078716094,-0.09730147006313485,-0.9975208759084895,-0.015021974539032472,0.06874912659596759,solved,0,0.00020993650117340614,5.469509275879333,45,0.3691301591577972,0.0011172552459547864,0.0015827447540452137
33,46,-0.03990599065175496,-0.30192991309559974,-0.09176014379427813,-1.0347121585140904e-17,-0.10316673396708906,-1.5709449269722096,0.02263344109876964,0.690516240022741,-0.7169798324741302,-0.09,0.021391796039181378,-0.9960629203272067,-0.08312805082887963,0.02215348678754938,0.0462064586351432,0.8122425003370335,-0.7060057388027507,-0.09726140421015904,-0.9973344180407551,-0.025012191815674448,0.06854523216011583,solved,0,0.0002210225849763687,8.375043778579295,46,0.07301119152171727,0.001083220302702974,0.0016167796972970262
34,46,-0.002583748574911884,-0.21525965734600414,-0.09389656096589691,9.860461515405227e-18,-0.09161090292447273,-1.5709842492430741,0.06083448559680586,0.6904904025369919,-0.7191324290475902,-0.09,0.021527069176255558,-0.9953689826018269,-0.09095919120316118,0.022441018304692115,0.04681480349111126,0.8120256242303655,-0.7064386867523398,-0.09725302939349217,-0.996926665443352,-0.03856138296415756,0.06819269368407892,solved,0,0.0002266698732190067,7.838162699598396,46,0.3400999644171576,0.0012372724600271617,0.0014627275399728384
35,47,-0.027038388105335272,-0.33568268608794394,-0.09051010046973915,3.3882997313829774e-18,-0.12014553504530136,-1.5708645718051506,0.030827465144691337,0.6902200186559385,-0.7224892559084697,-0.09,0.021648017330642953,-0.9946102045435006,-0.09878716942515957,0.022869182769682198,0.04712307814255817,0.8114222244284489,-0.7066570410787208,-0.09725571479453102,-0.9967696921234711,-0.04469571100585151,0.06672686326931795,solved,0,0.00015328977390064485,9.935452215082462,47,0.0626917433923679,0.0015019762506298542,0.001198023749370146
36,47,0.008269497805371673,-0.2388812993190052,-0.09245891198799218,-2.1480359325934263e-18,-0.1071190488417442,-1.5708918646195995,0.06334756804177868,0.6903027136339922,-0.7248780689016597,-0.09,0.021774060287348962,-0.9937912217463134,-0.10660774720761491,0.023231145341764393,0.04775655382297596,0.8111128167250126,-0.7067199841745353,-0.09729382713691181,-0.9968423475566743,-0.045915245048688845,0.06478521737107507,solved,0,0.00017882190627724722,9.516847117541698,47,0.40952968253978106,0.0016133135356175333,0.0010866864643824668
37,48,-0.0009588040993876379,-0.38689067794535675,-0.0891152939367017,3.721321868258732e-18,-0.13955678493331075,-1.5708216548719676,0.0287359918086549,0.6902931255929984,-0.7287469756811134,-0.09,0.021881453040268572,-0.9929068176940079,-0.1144248895223443,0.02375285345814045,0.04804391374106251,0.8104693100443318,-0.7069260295117012,-0.09757112612560578,-0.9971986248288257,-0.05101809309404298,0.05469969667691624,solved,0,0.0001730157332921306,12.87760183900285,48,0.12460162400324093,0.0015380592262607203,0.0011619407737392799
38,48,0.027262987214658467,-0.27438041100559435,-0.09121156890950284,-8.681160160494692e-18,-0.12470464471487894,-1.5708320011881678,0.07255401075450513,0.690565755465145,-0.7314907797911693,-0.09,0.021995984824254942,-0.9919624873131175,-0.1222333497729013,0.024199351612797123,0.048769453848607563,0.8101804509774576,-0.7068991411559457,-0.09756668934527457,-0.997287567846505,-0.04953548342240498,0.0544402691113037,solved,0,0.00021887595075433883,12.652685263730884,48,0.4376238983003818,0.001455782148854116,0.0012442178511458842
39,49,0.030017241144052256,-0.42467028380548216,-0.08775797751798176,1.2753062285133052e-17,-0.15685942464581296,-1.5708078945345558,0.028921022787636506,0.6908659278765855,-0.7357374826292241,-0.09,0.02208949406136361,-0.9909525924469368,-0.1300376250016569,0.024803827501753008,0.049058664076483925,0.8094565846890266,-0.7069555203376751,-0.09754791622550829,-0.9972751245364609,-0.05031442713223317,0.05395168582297984,solved,0,0.00021784574175238948,16.348208215291972,49,0.22271209155411337,0.0012954272859125222,0.001404572714087478
40,49,-0.00990299734621552,-0.3181599565503261,-0.08642487664646922,-8.541988260569778e-19,-0.18674054176367538,-1.5708035535938516,0.07248758756663334,0.6907668979031234,-0.7389190821947274,-0.09,0.02216219558834114,-0.9898771305734579,-0.13783706054227374,0.025554807677364427,0.049783539952150256,0.8091673956945702,-0.7069868346077203,-0.09755863161582809,-0.997289218132204,-0.05075825461801512,0.05327114589897504,solved,0,0.00021737442343222374,16.300793737559044,49,0.508892973433473,0.0012350138508780964,0.0014649861491219038
41,50,0.10235473930236955,-0.43281694722474895,-0.08809786194052746,8.242556481985988e-18,-0.16876370180607578,-1.5708038230544157,0.03028215805176312,0.6917904452961471,-0.7432472516669748,-0.09,0.022245901764880494,-0.9887421206872516,-0.1456258939405938,0.026215217861897677,0.050086361532667885,0.8084437999705221,-0.7070606132765401,-0.09756337039410393,-0.9972752608997364,-0.052176674895692776,0.05215025018340312,solved,0,0.00021168455357684253,20.001753178295107,50,0.2722429244754046,0.0010463751444267874,0.0016536248555732128
42,50,0.027458531254195707,-0.3301117189921602,-0.08576117998886905,1.4279927446861211e-18,-0.20300870440500213,-1.5708033400762833,0.07475836565896306,0.6920650306086891,-0.7465483688568965,-0.09,0.022303281714283085,-0.9875407703706359,-0.15340942371546154,0.027043283747254794,0.05083394518925752,0.80814065319619,-0.7070811406052174,-0.09757390177611888,-0.9973001108102391,-0.052345485312482454,0.051501836329255445,solved,0,0.0002218767710246438,19.952643568192972,50,0.5659254290139442,0.0009556296576620526,0.0017443703423379476
43,51,0.15371782312480942,-0.47096028713030874,-0.08700782485599043,7.96790303631388e-18,-0.18373996174028553,-1.570803639105627,0.03058167011573281,0.6936022088399372,-0.7512579717281995,-0.09,0.022374044899809254,-0.9862801830121682,-0.16118119957967908,0.027774513755617278,0.051139761890414845,0.8073948925047165,-0.7071526378589864,-0.09756866115276422,-0.9972673015911636,-0.05372656434534911,0.05070883020464998,solved,0,0.00022074557582040332,24.294234082531254,51,0.3235105357157336,0.0007248272249044722,0.001975172775095528
44,52,0.06455656504153769,-0.3620208441243909,-0.08533078606023917,1.2434517673567097e-17,-0.22003155111306907,-1.5708046490912977,0.07611719978472214,0.6942477744903526,-0.7548781801694434,-0.09,0.022414157786247203,-0.9849527029771781,-0.1689469317811868,0.028682968298401546,0.051900933888262064,0.8070889964015356,-0.707185956813207,-0.0975874515439464,-0.997271182188027,-0.05443977394259772,0.049864819165158975,solved,0,0.00022724952903143997,24.23935096338927,51,0.6127553376977057,0.0006211841031654512,0.002078815896834549
45,52,0.1824750347706119,-0.45546699565064985,-0.08677207219346084,-1.0724831009333364e-17,-0.199711990578871,-1.5708044256380036,0.030686410703780132,0.6960725248380587,-0.75943285012595,-0.09,0.02247002773544636,-0.9835662929063295,-0.17669977793053437,0.029489553936412786,0.052207797995299864,0.8063293761098481,-0.7072604727160822,-0.0975942538049826,-0.9972336789359055,-0.05607878043064137,0.048786883292247084,solved,0,0.00022630804793420062,28.058806691528858,52,0.3266519329177672,0.0003998816233142487,0.0023001183766857515
46,52,0.08737738046690395,-0.3538694024245668,-0.0872652466214812,1.7252015252857476e-17,-0.2373281846101119,-1.5708056745736507,0.07806943055172404,0.6969462986427277,-0.7629715441501956,-0.09,0.022491251253673746,-0.9821124809441989,-0.1844457435351789,0.030479272997067035,0.052988492300817105,0.8060222595469106,-0.7072963085416152,-0.09762302982035029,-0.9972263002076417,-0.05711676524192972,0.047721916374729736,solved,0,0.00023867849398539437,27.995242750737166,52,0.6085229784762053,0.0003231373972386243,0.002376862602761376
47,53,0.24301091211295323,-0.4872755898269487,-0.08679526512666992,3.4774884818388514e-17,-0.21612972534083863,-1.570805354679363,0.03479612628186675,0.6993764077638572,-0.7678443000484652,-0.09,0.022530607997025498,-0.9806000528116801,-0.1921777088331548,0.03136297748387233,0.053336453563635776,0.8052437096878287,-0.7073867773632199,-0.0976397040302122,-0.997136466690933,-0.05967240957770207,0.04645503557541228,solved,0,0.00021882062151603733,32.65183129566996,53,0.30168676630514524,0.0003901207746795276,0.0023098792253204727
48,54,0.27678876220387155,-0.5803501936706078,-0.08098846251360053,1.457736013516803e-17,-0.2529750798036206,-1.5708065871194825,0.00010052129095634507,0.702144295385896,-0.7736478019851712,-0.09,0.02253314003539731,-0.9790199999991142,-0.19990170979927963,0.03242535460414278,0.05333745877654534,0.8050334494902533,-0.7084231523433315,-0.09818899731528019,-0.9778732184068859,-0.205274354441769,0.04032875067583777,solved,0,0.00041468738745420263,32.65343154008967,53,0.5885729809339902,0.0005487903019238307,0.002151209698076169
49,54,0.22636956354945093,-0.40477693070511944,-0.08310183357561018,-9.979555449154135e-18,-0.2313298331492613,-1.5707951788600474,0.10148785428247929,0.7044079910213905,-0.7776955712922224,-0.09,0.02255588154984547,-0.9773816387984693,-0.20761059203052776,0.03337973073380995,0.054352337319370135,0.8050470994808612,-0.7084254633645017,-0.09781241942358927,-0.9779382591117389,-0.2026973139102054,0.050503072174759724,solved,0,0.000504031237014851,28.54079721628434,54,0.08339322067957829,0.00042714780814674604,0.0022728521918532543
50,54,0.125631294955319,-0.32071641863554723,-0.08073638382545612,1.826895214118047e-19,-0.2709371514242013,-1.570807396627329,0.019263327272243166,0.7056643039709437,-0.7809027354785779,-0.09,0.02253608389639852,-0.9756748142265109,-0.215310864319147,0.034525548696869544,0.05454497059209257,0.8040517806090672,-0.7086047356183085,-0.09775108040721185,-0.9773675494000603,-0.20531385017951936,0.05097937135923248,solved,0,0.0004106558897656366,28.31791842925364,54,0.9814861213350797,0.00010182037921088722,0.0025981796207891128
51,55,0.3012383535153009,-0.4226984014328804,-0.0820629220420955,1.567388707874096e-17,-0.24837767374652997,-1.5708071294473585,0.09489701754318694,0.7086766875060967,-0.7851297194929067,-0.09,0.022539144234951024,-0.9739100515173579,-0.2229949485239335,0.03555912630284648,0.05549394076752444,0.8038635268114452,-0.7086399899333734,-0.09772901066029466,-0.977849424114582,-0.20296770513022258,0.05113330062641744,solved,0,0.00037780049693626207,33.12277379329244,55,0.13164085986326687,0.0002011264509696788,0.002498873549030321
52,55,0.1786872067457363,-0.3413619489261448,-0.07960394508436423,-2.6786227841043035e-17,-0.28519757885937735,-1.5708082535269479,0.025442325115013792,0.710463559573554,-0.7885433389821681,-0.09,0.02249972130770986,-0.9720769239237065,-0.23066903271719907,0.03676974111156742,0.05574836401867458,0.8029354562528528,-0.7088356992334783,-0.09766972024612039,-0.9774529075053698,-0.20477951236582664,0.051489464208836,solved,0,0.00034807723646203595,33.00902155023638,55,0.9326730164484786,0.0007029142152764484,0.0019970857847235518
53,56,0.3433218405766059,-0.41162310126219637,-0.08083501246016689,-2.8292930685862174e-17,-0.2624526751478077,-1.5708079381912035,0.09081582875137569,0.71389677797932,-0.79265956999479,-0.09,0.022485100610138736,-0.9701861897047797,-0.23832589493557807,0.03786747099859104,0.05665652230618833,0.8026849081648824,-0.7088713023485826,-0.09764701105878812,-0.978147611907421,-0.20143136203382364,0.051503938771785086,solved,0,0.00032660259856788693,37.64770635536795,56,0.06725577847964172,0.0008658532229898181,0.001834146777010182
54,56,1.000030301987596,1.0000083415330288,1.0000078539048018,3.2860852510527135e-11,1.0472084596867497,-1.5707958975399834,0.10090554477780375,0.723897080999196,-0.7826594865794597,-0.09,0.024029370753120276,-0.9684694615232795,-0.24581725554917028,0.032609328608421244,0.05766557775396637,0.8018031113610465,-0.7091166320467414,-0.0975763644508244,-0.9776689372738075,-0.20358956499219977,0.05210314881262507,solved,0,4.666615367477523e-05,37.61971401954411,56,0.7921954293233197,0.0014141282851691357,0.0012858717148308645
55,58,-0.38443236618446586,-1.0000044686677239,0.14583215595961593,-8.821472881527955e-15,-0.5405558111541272,-1.5708108830286962,0.06592198532508826,0.7200527573373514,-0.792659531266137,-0.09,0.023620272256524577,-0.9664172790887527,-0.2534800457071596,0.03503700680018093,0.05832479760721725,0.8015722922748757,-0.7111521349670287,-0.09747762779156015,-0.9007021443912178,-0.430389831316302,0.059162827760235584,solved,0,0.0002685839949165802,31.63917200620575,58,0.5800385722508936,0.0003394086420774402,0.00236059135792256
56,58,0.24361769524718177,-0.885256582952695,-0.05235784193269747,4.0073586686926755e-18,-0.4105117875980542,-1.570810575711003,0.05880061299799931,0.7224889342898232,-0.801512097095664,-0.09,0.02337439644559779,-0.9643226976790237,-0.2611103842097158,0.03683394615988229,0.05891280373719725,0.8009656407463244,-0.7114224556753237,-0.09743860254014945,-0.9014075391637582,-0.42890535025755944,0.05920007482409192,solved,0,5.8723255173529876e-05,32.75509471928047,58,1.0,0.0007673459173499309,0.0019326540826500693
57,59,0.5226745785147153,-0.6309960477645152,-0.07088235134697439,1.1345224638534365e-16,-0.3927234936193466,-1.5708102907205774,0.06155676943735411,0.7277156800749703,-0.8078220575733092,-0.09,0.023150207685851045,-0.96216801709134,-0.2687214826422919,0.038542697585267446,0.05952837143157079,0.8004109694737891,-0.7116168567243885,-0.0974288398273381,-0.9036235021392081,-0.4243077874473379,0.058544580391503676,solved,0,1.490370273062505e-05,36.91603739707494,59,0.41482823974911115,0.0011599220056748667,0.0015400779943251335
58,59,1.0000026908489215,1.0000041649101752,0.039607428024122725,3.4947128935836116e-17,-0.2724514007058092,0.15918585581407818,0.10037810724410465,0.7377157069834596,-0.7978220159242074,-0.09,0.022753434053926765,-0.9623281977236715,-0.26798686732621324,0.039871795110658616,0.06053215250401184,0.7998387827836714,-0.7118655761659299,-0.09739182124590715,-0.90575842985711,-0.41974019584235045,0.05847935308301545,solved,0,0.00022981050206877625,37.20014596614825,59,0.8946662868066669,0.0015501565273719825,0.0011498434726280177
59,61,-0.09002616967444627,-1.0000046230235737,0.03785413500591636,-6.664643239459474e-16,-0.4748061458406268,-1.5708115595027758,0.07212522093557493,0.736815445286715,-0.8078220621544432,-0.09,0.02242961810208904,-0.9600963883243679,-0.27558995986325346,0.04197631928682247,0.061253404713367585,0.7997697546194183,-0.7134766855624399,-0.09737754779101707,-0.8277278391159457,-0.55900381780036,0.04879913971648191,solved,0,0.00014225335230999594,35.002333990404935,61,0.3324945725709786,0.0008182658891302038,0.0018817341108697963
60,61,0.980254398137606,-0.9170867328972895,-0.37969317949710435,-2.3559887876541055e-13,-0.43522036864651015,-1.5707916284662586,0.10124975406380989,0.7466179892680911,-0.8169929294834161,-0.09,0.022158844641977947,-0.957808711879331,-0.2831700895263307,0.043888010319893894,0.06226590225400568,0.7991112733775525,-0.7137566936514973,-0.09746755043127035,-0.8320842397045087,-0.5527025779278006,0.046429283726254246,solved,0,0.0001636362200493903,36.53773477507395,61,0.7234049938043564,0.0014794987721024233,0.0012205012278975768
61,62,0.4255678997304974,-0.7723229141685433,-0.06603696527162332,3.0940692786079156e-15,-0.4424214472883377,-1.5708123387486894,0.014628454102984105,0.750873668265396,-0.8247161586251015,-0.09,0.021876406643845665,-0.9554557321645238,-0.29073228532277057,0.04583126637248901,0.062412186795035525,0.7990068743570024,-0.7150362441076346,-0.09735493499927503,-0.7659585292206803,-0.64124899873493,0.04590482693074899,solved,0,0.0005774528463463059,34.392473488474394,62,0.8700295354628823,0.0012883605895598945,0.0014116394104401056
62,62,0.390647608024443,-0.3526076294394627,-0.06949481551539259,-7.613299686436747e-16,-0.4173550798856654,-1.57079650095285,0.10168987110050881,0.7547801443456404,-0.8282422349194961,-0.09,0.021628951991590355,-0.9530451636896686,-0.2982723860975533,0.047651737587944935,0.06342908550604061,0.7987805841064799,-0.7149375432462413,-0.09744933661567182,-0.7814172123324362,-0.6224265445629541,0.04441099969630607,solved,0,0.00045279024211071224,35.369129258746504,62,0.8500347129985734,0.0014453232396893123,0.0012546767603106878
63,64,0.47368206185646156,-0.30418161079806494,-0.06876089802453426,-1.4552563468559666e-15,-0.4173722005195772,-1.5708122053141036,0.04312391660038247,0.7595169649642051,-0.8312840510274767,-0.09,0.021380047170026374,-0.950571628513383,-0.3057928656162355,0.04946914176164425,0.06386032467204443,0.7983558496000066,-0.7158679273855478,-0.09741012754895682,-0.748769144401691,-0.6613549873119857,0.04420802132557832,solved,0,0.00033238276484132465,35.608340226352965,63,0.7784852714401452,0.0016301841595517984,0.0010698158404482017
64,64,0.36074591060618005,-0.17444973799033708,-0.0714139052187863,7.65198195171328e-17,-0.3938199366593733,-1.5708119532966063,0.05647304646578898,0.7631244240702668,-0.83302854840738,-0.09,0.021165745592579034,-0.9480413694250744,-0.3132907050148731,0.05117135158879296,0.06442505513670232,0.7980899718135733,-0.716134344401964,-0.09721559505207646,-0.7436016629816432,-0.6669322382900924,0.04751795808220407,solved,0,6.923778947537251e-05,35.242305967804924,63,1.0,0.0018607950721062105,0.0008392049278937897
65,64,0.4238279635144112,-0.20731202530335002,-0.0692776590188876,-5.5390537099417653e-17,-0.38575786778660653,-1.5708119051329013,0.00014395070589433255,0.7673627037054109,-0.8351016686604136,-0.09,0.020962686683501097,-0.9454510908655815,-0.3207671754484982,0.052831995068176166,0.06442649464376127,0.7981162320696686,-0.7170231604893703,-0.0972201396775726,-0.6999097232364483,-0.7128029346699012,0.04514815217763607,solved,0,0.0003698432772684963,34.519408971683575,64,0.8745200445071489,0.001671814151335043,0.0010281858486649571
66,64,0.3177781742252671,-0.11248820994515972,-0.07234640439400598,-3.1190599286499883e-15,-0.3638860841171855,-1.5708121534533512,-0.0031065277722484995,0.7705404854476636,-0.8362265507598652,-0.09,0.020793339405454102,-0.9428049447852864,-0.32822044073441686,0.05438580153760439,0.06439542936603879,0.7979510562500526,-0.7167575333646063,-0.09739450580652735,-0.7251106858938839,-0.6873179914041428,0.04252613190352335,solved,0,3.463363362579315e-05,36.573602317590506,64,0.6646179549101806,0.001882666537269012,0.0008173334627309882
67,64,0.22904641317456376,-0.07241059278842833,-0.07196835486733977,-5.717734412150474e-16,-0.3437526294724007,-1.5708113851796457,0.0669377343710358,0.7728309495794092,-0.8369506566877495,-0.09,0.020655684823903064,-0.9401031637674342,-0.33565033502011893,0.05584117441277929,0.06506480670974915,0.7979072773278462,-0.7167415651134998,-0.09723086821455616,-0.7259480507965869,-0.6862944844217241,0.04471362428786204,solved,0,0.0003669185686975024,36.72176258791826,64,0.6304867311952079,0.001929865552472543,0.0007701344475274572
68,65,0.32892188059224625,-0.07435318332917179,-0.0722982518721316,-2.1968636320165102e-16,-0.32432011309343667,-1.5708111169475854,0.0046565670556548,0.7761201683853317,-0.8376941885210412,-0.09,0.020549310632080247,-0.9373461929571578,-0.3430565795396145,0.057201605011126616,0.0651113723803057,0.7978356332521,-0.7175576519001932,-0.09760661266561471,-0.6881727840526793,-0.7246950044063468,0.03514782891828815,solved,0,0.0003920911616791833,36.37570136181968,65,0.34307538747811916,0.0018781789228600424,0.0008218210771399578
69,65,0.2272286301283099,-0.11349231220219352,-0.06909297438658608,1.0006269912861525e-15,-0.312561834128529,-1.5708109501856735,0.03627632728736662,0.7783924546866148,-0.8388291116430631,-0.09,0.020461785234357946,-0.9345323871943065,-0.35043958368092726,0.05850325477673974,0.06547413565317937,0.7979850694488798,-0.7178035227417386,-0.09726226222932187,-0.6544338022152948,-0.7547515063642163,0.045459456210768676,solved,0,0.0001790397063644846,33.679588601627934,65,0.5894373092230548,0.0016910899414618694,0.0010089100585381307
70,65,0.16748095266378407,-0.05464182717926294,-0.07090090235221615,1.6683996439666326e-17,-0.2939756469801303,-1.5708106745162795,0.0632080079073113,0.7800672642132526,-0.8393755299148556,-0.09,0.02040551678973712,-0.9316642202985341,-0.35779826169161405,0.0597143151223177,0.06610621573225249,0.7977926756770395,-0.718056977234891,-0.09734958542494994,-0.6567528948514751,-0.7528345391636219,0.04376975835556352,solved,0,0.00014818096517156502,33.93489817304669,65,0.852069906600345,0.0018470114549488262,0.000852988545051174
71,66,0.23715271232528476,-0.10957763652691363,-0.06800463740008177,-5.485569240249406e-17,-0.27826284055082073,-1.570810418713389,0.011150630844330062,0.7824387913365054,-0.8404713062801248,-0.09,0.020376057518396554,-0.9287413664544583,-0.3651325317651986,0.060848375188240475,0.06621772204069579,0.7977642116279995,-0.7188341559525183,-0.09725628927154231,-0.6204158899767788,-0.7829428493185585,0.045657618917972695,solved,0,0.00035094698298008024,32.971662778888145,66,0.5876252512507666,0.0017685884314763785,0.0009314115685236217
72,66,0.17571757123184692,-0.04981524350686772,-0.0699503032973525,-2.274657807362422e-15,-0.26151398859804015,-1.5708101351795178,0.07929950260896325,0.7841959670488239,-0.8409694587151935,-0.09,0.020375881536619178,-0.9257646256622298,-0.3724419054063033,0.06190079499812106,0.06701071706678542,0.7976041275706858,-0.7188568730581611,-0.09725030055242916,-0.6293413205560618,-0.7758459060878873,0.044638909567970585,solved,0,0.0003782001477965685,33.96890806580193,66,0.6036483978108539,0.0019621909464317944,0.0007378090535682057
73,67,0.24565134700656652,-0.03782536899122059,-0.0701850702118193,-1.8330933992133608e-16,-0.24566142280234315,-1.5708098456529345,0.004194459650915499,0.7866524805188896,-0.8413477124051056,-0.09,0.02040393626179725,-0.9227341954117682,-0.37972608920627915,0.06287591891118828,0.06705266166329457,0.7976365871805727,-0.719735765214521,-0.0973894063268676,-0.582938798545433,-0.8115319136473255,0.03997887294956031,solved,0,0.0004218693838635884,32.5768062478065,67,0.40519609964908027,0.001865284405682146,0.0008347155943178542
74,67,0.17179123476420055,-0.0878583210421786,-0.06779185342717901,2.917180493766386e-15,-0.23059408654638497,-1.5708095532349602,0.02767619593162859,0.7883703928665315,-0.8422262956155274,-0.09,0.020459310312750816,-0.9196502734948091,-0.3869847721924929,0.06377756010991537,0.06732942362261085,0.7979318612096028,-0.7200704130353925,-0.09719292989479168,-0.5329492567929494,-0.8449958287665565,0.04412639857231996,solved,0,0.0001398420968075691,29.1266809712557,67,0.7344645627162396,0.0015649207427205338,0.0011350792572794664
75,67,0.12548542415485106,-0.035013563373935,-0.06878628392995384,-7.812079008799069e-17,-0.21619491135439625,-1.5708092555529507,0.09333679185423577,0.78962524710808,-0.8425764312492667,-0.09,0.02054125768654317,-0.9165130658773749,-0.39421762628324,0.06460897721151102,0.06826279154115321,0.7975948132562686,-0.7201580493246721,-0.09726155555366399,-0.5599670202492696,-0.8273587837268052,0.04375361954462436,solved,0,0.00035090820057322034,30.96245343028153,67,0.8345744545767559,0.0018814071009331207,0.0008185928990668795
76,68,0.15772661463202464,-0.08732029130459451,-0.06589437633929272,-6.894667595190677e-17,-0.20253450968227538,-1.5708089020433922,0.0023940585719958996,0.7912025132544003,-0.8434496341623127,-0.09,0.020648840886504864,-0.9133227305872964,-0.4014243258821602,0.06537373901393348,0.06828673212687317,0.7975702759529126,-0.7213799088208188,-0.09723363081450097,-0.49297522995091986,-0.8690331537281342,0.041914202559165975,solved,0,0.0004795659056341493,27.615626429349646,68,1.0,0.001855931733261767,0.0008440682667382332
77,68,0.11475598622222215,-0.03265348999267625,-0.06576468285305627,-2.9648983456083055e-19,-0.18955428721226433,-1.5708086513349069,0.08614989597820458,0.7923500731166225,-0.8437761690622394,-0.09,0.020781183020679925,-0.9100794210698108,-0.4086045361128897,0.0660751303098929,0.06914823108665522,0.7976064398529332,-0.7213148704029608,-0.09715193847782476,-0.5051325681298824,-0.8619396027224338,0.043602865424221836,solved,0,0.0005230522702218974,28.413629792341926,68,0.9555424832220689,0.0018297725707200666,0.0008702274292799335
78,70,0.1307148000176459,-0.08239276250762981,-0.0648082402531773,-8.858982802010617e-17,-0.17726906231257586,-1.5708083376445083,0.005458247808378552,0.793657221116799,-0.8446000966873157,-0.09,0.020937324388040624,-0.9067832657496617,-0.415757919496943,0.06671648806271108,0.06920281356473901,0.7975767279152015,-0.722323301835431,-0.09718263801205762,-0.45650133450071567,-0.8887574151713692,0.0414341474749081,solved,0,0.0005275529970977894,26.018851372414684,69,0.9404315475382434,0.0018329855575883157,0.0008670144424116845
79,70,0.09595320553495967,-0.02890304542837131,-0.06384218225648482,-3.2960817990129244e-17,-0.16559936701289177,-1.5708080285232378,0.09308886506019005,0.7946167531721486,-0.8448891271415995,-0.09,0.021116417310410175,-0.9034344012572174,-0.42288412783064216,0.06730077246141299,0.0701337022153409,0.7975414744165279,-0.7222719713491661,-0.09706464971425578,-0.46742251088426096,-0.8830039797178644,0.04266342837918872,solved,0,0.0005102103020668576,26.76086817653431,69,0.8901618649890338,0.0018792463782846837,0.0008207536217153164
80,71,0.08102312512385926,-0.07945331601937879,-0.06372433248291301,-6.53946262497616e-17,-0.15463882629997514,-1.5708076731302303,0.00011467200541194126,0.7954269844233872,-0.8456836603017932,-0.09,0.021317368939179942,-0.9000329170542496,-0.42998282020697176,0.06783135209612293,0.07013484893539502,0.7975292397988308,-0.7234269346483908,-0.09721818917595101,-0.41675946761047195,-0.908208364049156,0.03832901809585144,solved,0,0.0004401054462820469,23.816628802253117,71,0.02121218701691434,0.0018117031342206559,0.0008882968657793443
81,71,0.05930600367003647,-0.026915278889371428,-0.06539849321910485,2.276525909772759e-14,-0.14424034679168943,-1.5708073848513455,0.048554768068762126,0.7960200444600876,-0.8459528130906869,-0.09,0.021539349188363584,-0.8965789379472673,-0.4370536389545545,0.06831091525132775,0.07062039661608265,0.7975766751117219,-0.7235910180914537,-0.09720169823749324,-0.35009792274453866,-0.9360846525498766,0.03430696358665267,solved,0,0.00034226423618756636,20.545742312948615,71,0.1640881500986141,0.001868337994735924,0.0008316620052640762
82,71,0.041190345325185965,-0.07546801182325483,-0.06246104182585161,2.8599689318463003e-16,-0.13445055846607953,-1.5708070603857283,0.05558661908561825,0.7964319479133394,-0.8467074932089195,-0.09,0.021781383285183236,-0.8930725614848337,-0.44409622969121026,0.06874234531315886,0.07117626280693883,0.7975246100286687,-0.7240289288577676,-0.0970052954869645,-0.3505671005617286,-0.9356771101678442,0.04013793108388859,solved,0,3.939397439916694e-05,19.63480920402087,71,0.6430808009836807,0.0018647150758955835,0.0008352849241044166
83,72,0.03015360554945798,-0.026839177556144955,-0.0643055106283026,-3.821338219177364e-17,-0.12522798392278575,-1.570806732567466,0.04123769902200948,0.7967334839688339,-0.846975884984481,-0.09,0.02204254282499644,-0.8895138890639611,-0.4511102329253447,0.06912832428286338,0.07158863979715892,0.7973286286104514,-0.7245954402024902,-0.09710578105442218,-0.36538548295768536,-0.9300288214347582,0.03924079693958274,solved,0,7.872401011490841e-05,20.555810084723962,72,0.20526046122040073,0.00204840950094674,0.0006515904990532602
84,72,0.020640594566320298,-0.07497234402983896,-0.06167521747040708,-2.5963726203695977e-17,-0.11654806106832924,-1.570806403172928,0.03670258071579814,0.7969398899144972,-0.8477256084247794,-0.09,0.0223219122918596,-0.885903021946659,-0.4580952861379647,0.0694714096271876,0.0719556656043169,0.7975617266996519,-0.7251085505162798,-0.09699414644292563,-0.33511298585598515,-0.9412320701907622,0.04220754381740843,solved,0,2.3422958020733504e-05,18.684400367410397,72,0.721474042468308,0.0018071196630118343,0.0008928803369881659
85,72,0.015285280515944006,-0.0250834115882171,-0.06316256876901906,-4.371831871972795e-16,-0.10837870432150651,-1.5708060727764428,0.0779982821283384,0.7970927427196566,-0.8479764425406616,-0.09,0.022618609166380935,-0.8822400653621596,-0.4650510233004844,0.06977400172215635,0.07273564842560029,0.7974448715162478,-0.725360524382128,-0.09693409164342694,-0.35037916184904244,-0.9356009388186715,0.043420343430045125,solved,0,0.00022454900301287277,19.633280313078235,72,0.974666985849154,0.0019271012449853396,0.0007728987550146605
86,73,0.010018324290060051,-0.07573168626386179,-0.0604504475837553,3.774224747598291e-18,-0.1007380438640464,-1.5708057418121848,0.0010144399986766605,0.7971929259625572,-0.8487337594033002,-0.09,0.02293167079933947,-0.8785251122599838,-0.47197708079294853,0.07003856658370743,0.07274579282558706,0.7971862514622572,-0.7262388690108856,-0.0970085331880676,-0.36775534453457964,-0.9289463195034301,0.042599789286846226,solved,0,0.0004161431260394782,20.70326279995231,73,0.8537311269484602,0.0021660365314506926,0.0005339634685493076
87,73,0.00801187223824938,-0.025531690332055934,-0.061915630741171464,1.779320264225669e-15,-0.0935431785118644,-1.5708053985465302,0.04991788309524188,0.7972730446849396,-0.8489890763066208,-0.09,0.02326029122922332,-0.874758279772686,-0.47887308626830694,0.0702671905581102,0.07324497165653948,0.7974567959747003,-0.7263388802323242,-0.097153901326384,-0.33299066132607513,-0.9423177891809438,0.03397651634234371,solved,0,0.00040283974285489126,18.166424616844033,73,0.9670486425727924,0.0018856099472580794,0.0008143900527419208
88,74,0.004844333587649403,-0.07410807471690602,-0.05952052693944155,2.887039819942929e-16,-0.08681739321793207,-1.5708050867364163,0.02603040886992414,0.7973214880208161,-0.8497301570537898,-0.09,0.023603575816710933,-0.8709396730804478,-0.48573867122607806,0.07046204892501759,0.07350527574523873,0.7975686922250702,-0.7268915730771506,-0.09697919754905401,-0.3150034671622203,-0.9481736227188153,0.04170847463115174,solved,0,6.271831741582823e-05,16.484791588552465,74,0.5899201141686504,0.001754854747556685,0.000945145252443315
89,74,0.003897743898116407,-0.024708553789569335,-0.061130428567262994,-3.6229516686976e-16,-0.0805161558104152,-1.5708047689722198,0.06023712249121619,0.7973604654597973,-0.8499772425916855,-0.09,0.02396070377723065,-0.8670694102289702,-0.49257346307631156,0.07062510879775771,0.07410764697015089,0.7975464490506768,-0.7271948306829611,-0.09711113622406105,-0.3102706891657683,-0.9497893456283217,0.0404017125320649,solved,0,0.00018894700808884754,17.16641840255429,74,0.8001965499129257,0.0017871575217864326,0.0009128424782135676
90,75,0.002298123176969949,-0.01001812685026038,-0.06144187402163864,1.6344033568175396e-09,-0.07463173295816974,-1.5708044718271312,0.019886614291388893,0.797383446691567,-0.8500774238601881,-0.09,0.02433084241009641,-0.8631476098918605,-0.499377089914115,0.07075829078273237,0.07430651311306478,0.7975192075126586,-0.7279039259873639,-0.09711554872662637,-0.23705870074763924,-0.9711055178854494,0.027518094633791304,solved,0,0.00020646947282977878,11.638669896394221,75,0.4441334298445064,0.0017944495575113826,0.0009055504424886176
91,75,0.0007794492540982718,-0.06828273547199179,-0.05806105849125881,1.9024480496578465e-15,-0.06913040153998666,-1.570804197615538,0.08169467239788561,0.797391241184108,-0.8507602512149081,-0.09,0.02471321298928257,-0.8591744013205619,-0.5061491774935445,0.07086335683418503,0.07512345983704365,0.7975886445126651,-0.7280406407509968,-0.09709100270640017,-0.25192808781278864,-0.9669808092178868,0.038475358027091594,solved,0,0.0003520543648454921,13.668578682492697,75,0.6477979752564942,0.001726390506608022,0.0009736094933919782
92,76,0.001183497358370286,-0.024871642395390452,-0.06005946712657554,3.065733891570691e-16,-0.06399375156584199,-1.5708039654113763,0.021070656376535806,0.7974030761576917,-0.8510089676388619,-0.09,0.02510705572542358,-0.8551499195554069,-0.5128893512665698,0.07094197766160037,0.075334166400809,0.7975858880330998,-0.7288566407601623,-0.0969001873700817,-0.2472345984354952,-0.967835479264707,0.04657830410066755,solved,0,0.0003312915982230339,13.423960097993742,76,0.46845619682727835,0.0017218324551559869,0.0009781675448440133
93,77,0.000811124327198229,-0.07311301875102519,-0.05739002372720533,3.044575441477019e-16,-0.05919203880501857,-1.5708037820636072,0.07919008572530957,0.7974111874009636,-0.8517400978263722,-0.09,0.025511660886294443,-0.8510743100392493,-0.5195972350420633,0.0709956849863518,0.0761260672580621,0.7975300950889398,-0.729048069402183,-0.09671984762551553,-0.26892122759360804,-0.9622261383430851,0.0424527035523143,solved,0,0.0002816589467598897,14.707617198755877,76,0.6682496737040956,0.0017908563135438928,0.0009091436864561073
94,77,0.00044474667790564583,-0.026455340586905903,-0.05869074529341134,-2.1952124240801495e-15,-0.05474771544944916,-1.5708037221764521,0.020319959968095335,0.7974156348677427,-0.8520046512322412,-0.09,0.02592623643112953,-0.8469477103641748,-0.5262724579409291,0.07102609510744609,0.07632926685774306,0.7972211457049064,-0.7298725521112942,-0.0968431890058733,-0.30005230608511246,-0.9530333528625178,0.04118302981367164,solved,0,0.00033623824863288727,16.585527725413225,77,0.4898305140459853,0.002076567327206555,0.0006234326727934452
95,77,-0.0011875209899833668,-0.07176645568843842,-0.05623766774274865,-8.847114766057168e-15,-0.050532607562515014,-1.5708038280684846,0.07176067176951503,0.7974037596578428,-0.8527223157891256,-0.09,0.02635030230968167,-0.8427703043154819,-0.5329146351092795,0.07103426932489611,0.07704687357543821,0.79749751999955,-0.730268131688011,-0.09683186566357475,-0.23641004700167045,-0.9706780626342629,0.04352457233864688,solved,0,6.54382442633362e-05,13.42644166308422,77,0.8669237061212954,0.001762939394376761,0.000937060605623239
96,78,-0.0002072131148195678,-0.09236503881668115,-0.05422192277682822,-1.1533741179655387e-15,-0.04673323401564565,-1.5708041650232691,0.03649148567212331,0.7974016875266946,-0.8536459661772924,-0.09,0.02678286492615376,-0.838542210319692,-0.5395234085751706,0.07102204768902785,0.07741178843215944,0.7978258535092788,-0.7309760884626435,-0.09679315968406645,-0.203822662889228,-0.978270075305218,0.037999761250132456,solved,0,0.0002140420291841039,11.121760000202391,78,0.5755898672104212,0.0014632768936834978,0.0012367231063165024
97,78,-0.000428753520605954,-0.031091232349769883,-0.05653193947700865,-1.0199785877723818e-16,-0.043125397051230946,-1.5708048724109978,0.0708892240658072,0.7973973999914885,-0.85395687850079,-0.09,0.027223506792460887,-0.834263627417966,-0.5460983939160766,0.0709903148860461,0.07812068067281751,0.7974771201744588,-0.7312727452922182,-0.0967233597752512,-0.23817591070786281,-0.9703732424824955,0.04059563809682165,solved,0,0.0001806564798833138,12.897323294293228,78,0.8862558988639045,0.0018007627628369158,0.0008992372371630843
98,79,-0.0010872034102212544,-0.07686027168217796,-0.053655323252995914,2.2703101128761883e-16,-0.03981158396441412,-1.5708061400618845,0.011459586411096288,0.7973865279573863,-0.8547254812176118,-0.09,0.027671516890172436,-0.829934719446821,-0.5526392236591858,0.07094037695907615,0.07823527653692847,0.7976738098703802,-0.7320697564213483,-0.09679263817072008,-0.21530129831007702,-0.9756684741399217,0.04142921089608015,solved,0,0.000293219192224056,11.436243905247288,79,0.687941543526358,0.0015566974908961327,0.0011433025091038675
99,79,-0.0006207600732392439,-0.024913990425361732,-0.05387991893455642,-8.0874670993790775e-16,-0.03670987943438005,-1.570808264268152,0.09017809912155847,0.7973803203566538,-0.8549746211218654,-0.09,0.028126390324029023,-0.8255556803565725,-0.5591455229627853,0.0708731892115103,0.07913705752814405,0.7976663127054422,-0.7320952811235651,-0.09678515100104157,-0.23855214167513905,-0.9703387140291506,0.03918744388779004,solved,0,0.0004874924418299815,12.87008834080115,79,0.7085749145058472,0.0015865200056095347,0.0011134799943904655
100,80,-0.0011092148085424442,-0.0752178728203097,-0.05263170705526008,3.534214471006679e-17,-0.03384761605920183,-1.570811632257254,0.02773714448472911,0.7973692282085684,-0.8557267998500685,-0.09,0.02858753110327762,-0.8211266953499226,-0.565616924898207,0.07078981224604855,0.07941442897299135,0.7972886711683637,-0.7329119855382773,-0.096907325208295,-0.27751263879298055,-0.9599765013418916,0.03783982269432545,solved,0,0.00033042819500193015,15.235813045697398,80,0.5227812727605589,0.0019630966701147264,0.0007369033298852737
101,80,0.0002327290563654573,-0.025782058829169972,-0.0535559614374629,8.584813673156581e-16,-0.031169020429961503,-1.5708168863653253,0.04177878900943168,0.7973715554991321,-0.8559846204383602,-0.09,0.029054484749306626,-0.8166479697086141,-0.5720530598593264,0.0706910686885754,0.07983221686308567,0.7976106059039151,-0.733356205304967,-0.09649500678881698,-0.24662197963723376,-0.9676926536010914,0.0524263991352623,solved,0,1.9526334119105083e-05,13.382889981977904,80,0.9821647857900996,0.0016490961332843769,0.0010509038667156233
102,81,-0.00039523746540272075,-0.009848773924665308,-0.05468965597596998,1.395148307590511e-15,-0.028721842790880817,-1.5708248099854807,0.050233316206297875,0.7973676031244781,-0.8560831081776069,-0.09,0.029526647775618406,-0.8121196917562337,-0.5784535707988863,0.07057796938785223,0.08033455002514865,0.7981818254401533,-0.7338403624129561,-0.09721051073653597,-0.21688239502344783,-0.9759976713015178,0.0197629032003758,solved,0,5.286910347055375e-05,11.64575264100086,81,0.4252970721486034,0.001134047958148991,0.0015659520418510092
103,81,-0.0006724506445435054,-0.06931022081181598,-0.050407489182377634,6.661237566424895e-16,-0.026438474192398736,-1.5708365236304251,0.060546972362413326,0.7973608786180326,-0.856776210385725,-0.09,0.030003596996560425,-0.8075420726643877,-0.5848180978869976,0.07045124149372484,0.08094001974877278,0.797423232189919,-0.7342560889798058,-0.09674885332402867,-0.2436115490377475,-0.9691028234531972,0.03864105006945892,solved,0,4.707830418299662e-05,15.443505578306242,81,0.730954454935043,0.0018601441897845071,0.000839855810215493
104,82,-0.0030427030834059027,-0.02429401144151719,-0.05276864555996795,4.3604936734696304e-10,-0.024339211875326682,-1.570853397154064,0.0512342564828316,0.7973304515871985,-0.8570191505001402,-0.09,0.030484839170838763,-0.8029153145838396,-0.5911462921731078,0.07031168777272291,0.0814523623136011,0.7974507243234467,-0.734768235622987,-0.09705084024052275,-0.0789058736996255,-0.9967198704314261,0.01798229637337709,solved,0,0.00011338031026118744,3.5289411459358524,82,0.31100472860114153,0.001771045960139367,0.0009289540398606331
105,82,-0.0001299491838497658,-0.07332386737100312,-0.05057851528613731,3.8482849253294077e-16,-0.022395583509513615,-1.5708768876825456,0.04306603955311302,0.79732915209536,-0.8577523891738502,-0.09,0.030969953355936285,-0.7982396274463329,-0.5974378085439926,0.07015998920768511,0.08188302270913224,0.7976538528658882,-0.7352693235021134,-0.09615644400084881,-0.09253174203127404,-0.993786723910595,0.06185324644434417,solved,0,4.319963378250104e-05,4.537488886096791,82,0.9044226932796633,0.001635332156836602,0.001064667843163398
106,83,0.00018246598456083304,-0.024322218215842583,-0.05333050335892124,-9.012665552616196e-16,-0.020574455946235456,-1.5707956753573227,-0.0025352625096568488,0.7973309767552057,-0.8579956113560087,-0.09,0.031458568221257664,-0.7935155708277851,-0.6036918572343037,0.06999670598192594,0.08185767008403567,0.7975173473899156,-0.7355862910338684,-0.09610139179408284,-0.13048430281776077,-0.9895444934551999,0.0614454407637753,solved,0,0.000261120392155401,6.698278777679861,83,0.24894110162811742,0.0017939204307168334,0.0009060795692831668
107,84,-0.002036784467975188,-0.1418358283118509,-0.04611650493016102,3.595765910042929e-17,-0.018950877927984975,-1.570946084679417,-2.9362099619066835e-05,0.797310608910526,-0.8594139696391272,-0.09,0.03195019537518004,-0.7887426682516308,-0.6099089992972273,0.06982263867142814,0.08185737646303948,0.7986450265733568,-0.7367344829596636,-0.09625041892167356,-0.13984306124290236,-0.9883902781863683,0.05940181991224876,solved,0,0.0005068377890573858,7.34014222967093,83,0.26065814810475735,0.001743914220514362,0.0009560857794856381
108,84,0.0005226319230924581,0.021114074581520238,-0.052105097184090156,1.3689299128999913e-17,-0.016793470354720768,-1.5707963257167175,0.10061545219391933,0.7973158352297569,-0.859202828893312,-0.09,0.03244637800923948,-0.7839223112051491,-0.6160875755945111,0.06963577921540504,0.08286353098497867,0.7981166535067206,-0.7362459249111367,-0.09626183440635544,-0.20078703567325917,-0.9778068953537838,0.05981840606485358,solved,0,0.000811835446930907,10.776561358110971,83,0.8665892984852035,0.001160050173905368,0.0015399498260946322
109,85,-0.0009241157139262132,-0.06289867216149621,-0.04857271940172905,2.637240756674738e-17,-0.016114623120521712,-1.5710088566278526,0.01629041794601558,0.7973065940726176,-0.8598318156149269,-0.09,0.03294272382926593,-0.7790531679761751,-0.6222288622782416,0.06944192797524885,0.08302643516443883,0.7987120893598492,-0.7378528422677817,-0.09630719083353269,-0.20384067605502748,-0.9772724185069842,0.05820308248657642,solved,0,0.0013053006816755005,10.944207602442944,85,0.4611821428159753,0.0005563392981106218,0.0021436607018893786
